location_id,street_address,city,county,state,zip_code,time_zone
d844986c-1314-454f-a7f2-c02e05bb6034,150 Tremont St,Boston,Suffolk,MA,2111,America/New_York
22c36331-0fef-4796-8da6-480e34195d4d,51 Brookline Ave,Boston,Suffolk,MA,2215,America/New_York
116f42b0-f16d-4fbc-a59f-3964673abf7a,748 Gallivan Blvd,Boston,Suffolk,MA,2122,America/New_York
090c11a2-73fd-45a4-b438-12b45ef39995,1270 River St,Boston,Suffolk,MA,2136,America/New_York
c738e262-2a7d-43d9-883f-cbf7c19d5693,79 Harrison Ave,Boston,Suffolk,MA,2111,America/New_York
9683677f-7434-4c5f-bf56-813604799f27,371 Washington Street,Boston,Suffolk,MA,2135,America/New_York
24322345-e686-4eb6-ab01-89e23ca85798,31 Harrison Avenue,Boston,Suffolk,MA,2111,America/New_York
48d645e5-91a1-4cac-b578-bcc27591bf37,51 Roxbury St,Boston,Suffolk,MA,2119,America/New_York
db41850a-b56e-4ef6-9a28-c0e2f32ec187,469 Blue Hill Avenue,Boston,Suffolk,MA,2121,America/New_York
f9e434db-f433-45c9-ba2b-422090509bbd,30 Channel Center St,Boston,Suffolk,MA,2210,America/New_York
3358943d-00b1-4f99-b069-0f9ab7e6fd2f,33 Hancock St,Boston,Suffolk,MA,2125,America/New_York
fd9f9e73-b3f4-4b8a-9d36-c7a764694d1d,720 E Broadway,Boston,Suffolk,MA,2127,America/New_York
b0f507c7-213a-4a8f-8e6b-18ee9baac156,42 Province St,Boston,Suffolk,MA,2108,America/New_York
d7be411a-21e7-45e0-9a84-5edf4d1c5085,200 High St,Boston,Suffolk,MA,2110,America/New_York
dfa0c2c3-e083-4c5f-b77e-92f43552f433,433 Massachusetts Ave,Boston,Suffolk,MA,2118,America/New_York
eff9ae40-c707-48f9-bd1e-b84ac8391f94,1370 Dorchester Ave,Boston,Suffolk,MA,2122,America/New_York
9f3cd368-d0ab-499d-a6e2-4d60677b7237,405 Chelsea St,Boston,Suffolk,MA,2128,America/New_York
bb391c11-8172-49de-89ae-e65f7b300df2,10 High Street and,Boston,Suffolk,MA,2110,America/New_York
2bd6c42d-fca0-4032-a6e3-7a0c56749b0c,256 Shawmut Avenue,Boston,Suffolk,MA,2118,America/New_York
d2bd66a7-fe67-4172-b140-3550e70a7012,266 Broadway,Revere,Suffolk,MA,2151,America/New_York
84a49dd0-92a3-490f-9ef9-27aafa764a5f,86 Peterborough St,Boston,Suffolk,MA,2215,America/New_York
dd4d8c3d-c34e-4033-80fc-eb063b7bad37,431 Cambridge St,Boston,Suffolk,MA,2134,America/New_York
a7021fb1-2dd9-4262-9d25-3efc69879bd0,315 Huntington Avenue,Boston,Suffolk,MA,2115,America/New_York
2044de87-0258-45bd-b14d-e4108c1336d7,130 Dartmouth St,Boston,Suffolk,MA,2116,America/New_York
9bd54a32-bf3f-4a78-b96d-808a411bd7e4,443 W Broadway,Boston,Suffolk,MA,2127,America/New_York
7df6d639-5f79-4b3f-afe1-d84e44815675,54 Harvard Ave,Boston,Suffolk,MA,2134,America/New_York
0e7d5e2d-2cc7-45f1-9c55-b2a6a17f025a,87 L St,Boston,Suffolk,MA,2127,America/New_York
a1de8faf-ccd0-4a53-8974-1fe917966a2d,6 Prince Street,Boston,Suffolk,MA,2113,America/New_York
fe4da1c4-908e-4332-ab2f-2fc5077f9226,2201 Commonwealth Avenue,Boston,Suffolk,MA,2135,America/New_York
4fe29c84-f4dd-45a4-b817-8eabe66b856a,80 Bennington St,Boston,Suffolk,MA,2128,America/New_York
efde7454-04b3-4445-bd33-6159cc7b75f6,334 Massachusetts Avenue,Boston,Suffolk,MA,2115,America/New_York
bdbd9899-3b17-46ea-b12e-ad1ceedf2282,722 Shawmut Ave,Boston,Suffolk,MA,2119,America/New_York
e0f3aaf9-9efc-40f1-b77a-0822dbd67d6b,991 Bennington St,Boston,Suffolk,MA,2128,America/New_York
1b9d5e01-4ccc-4d9b-8d0e-ceb1673b2a29,168 Harvard Avenue,Boston,Suffolk,MA,2136,America/New_York
39529cce-b73f-4c0f-b165-99aae7d352d5,"Cafe 472, 472 Commonwealth Avenue",Boston,Suffolk,MA,2215,America/New_York
a802b496-c800-4da2-8c32-b705d37905d9,11 Board Alley,Boston,Suffolk,MA,2113,America/New_York
ec3d7ff7-1626-4160-a634-99d59cd35116,250 Huntington Ave,Boston,Suffolk,MA,2115,America/New_York
4d03a2af-d746-4f39-a5e3-5dca41103c5e,553 Tremont St,Boston,Suffolk,MA,2116,America/New_York
0b617504-75db-4bcb-9c7d-24f71819e8f9,1714 Washington St,Boston,Suffolk,MA,2118,America/New_York
9fca8c86-1306-4783-b419-e43c535423aa,855 Washington St,Boston,Suffolk,MA,2124,America/New_York
05641427-efcb-432e-ba11-fbaca2e2c573,500 Boylston St,Boston,Suffolk,MA,2116,America/New_York
b94bbabe-a6fb-4567-9c80-a0fff9307157,"100 Malcolm X Blvd, 100 Malcolm X Boulevard",Boston,Suffolk,MA,2120,America/New_York
7db4a275-5d2e-4dfd-a94c-9f063478df97,418 Market St,Brighton,Suffolk,MA,2135,America/New_York
c473051e-4dc2-4213-94bf-e9d3076746cc,69 Bennington St,Boston,Suffolk,MA,2128,America/New_York
1aadc093-b604-4918-a509-74a8fe7f7bda,9 Tyler St,Boston,Suffolk,MA,2111,America/New_York
99584a79-2e9d-4ea6-ae1f-47db5a1a88fa,176 Boylston St,Boston,Suffolk,MA,2116,America/New_York
be6b51c3-245d-4918-bd3f-616ed82b4a14,359 Huntington Avenue,Boston,Suffolk,MA,2115,America/New_York
5824cc65-c901-45cf-a85a-d96bc1cd746f,1080 Boylston St,Boston,Suffolk,MA,2115,America/New_York
9af9c1af-7e9b-44ce-a817-57f1d5ac8069,425 W Broadway,Boston,Suffolk,MA,2127,America/New_York
25f92135-8c20-4390-9f70-0f73c4aa5034,133 Pearl St,Boston,Suffolk,MA,2110,America/New_York
f0c3f174-477e-492d-a434-4778e2cdf8b8,39 Stanhope Street,Boston,Suffolk,MA,2116,America/New_York
03b76e1b-96a5-4727-8e7c-1e27f0f30f19,888 South St,Boston,Suffolk,MA,2131,America/New_York
6ad04353-7ba6-4688-abff-f778aa52d23b,728 Huntington Ave,Boston,Suffolk,MA,2115,America/New_York
a4267bb9-d566-4489-849b-a5231f1ce855,12 PI Alley,Boston,Suffolk,MA,2108,America/New_York
7a88b75a-20c9-4be9-be93-966fbfb08d05,1 Merrimac St,Boston,Suffolk,MA,2114,America/New_York
74186e9a-7362-4abb-a30c-47ad6d4eb4d8,289 Dorchester St,Boston,Suffolk,MA,2127,America/New_York
0d0b0324-e63a-4b6c-aefa-400129988f16,"Irashai, 8 Kneeland St",Boston,Suffolk,MA,2111,America/New_York
1b9c6a7a-b40a-4d16-a656-ebbf28e96fa9,150 Huntington Ave,Boston,Suffolk,MA,2115,America/New_York
61ea95d8-2272-4c86-b959-9812028fa41a,267 Huntington Ave,Boston,Suffolk,MA,2115,America/New_York
08b28fc8-054d-4b81-8f56-ed17d19d0247,8 City Hall Ave,Boston,Suffolk,MA,2108,America/New_York
4c3e0ea8-387e-45f7-b9cc-d8aecc181840,2 Broad St,Boston,Suffolk,MA,2109,America/New_York
9650fb7e-0a89-46b1-85d6-b481cb1570be,339 Squire Rd,Revere,Suffolk,MA,2151,America/New_York
7f19d08e-37b0-4b06-9aed-70c3059ea9f0,79 Park Plaza,Boston,Suffolk,MA,2116,America/New_York
2a685a0d-f437-4382-b3b1-09005c4b8f94,358a Centre St,Boston,Suffolk,MA,2130,America/New_York
2704dd9d-5bbc-43d3-ae04-eed341f0c9b9,326 Cambridge St,Boston,Suffolk,MA,2114,America/New_York
1c704a83-b022-48c6-9313-24f976690291,685 Washington Street,Boston,Suffolk,MA,2111,America/New_York
fbe4b255-29b9-468f-a5ca-d4b2ca1a2880,1234 Soldiers Field Rd,Boston,Suffolk,MA,2135,America/New_York
934731b8-78a3-4725-a5dd-c22bd34443de,495 Summer St,Boston,Suffolk,MA,2210,America/New_York
58fac1a5-2bf7-4cc8-ab26-a4a3753d3b88,1616 Commonwealth Avenue,Boston,Suffolk,MA,2135,America/New_York
5264bc1b-e9b0-4efa-bacb-9f7e7f496281,111 Brighton Ave,Boston,Suffolk,MA,2134,America/New_York
89899674-e94b-4357-b29b-79cad1c0e24f,800 Boylston St # 25,Boston,Suffolk,MA,2199,America/New_York
94f17777-653d-4ce3-b463-68a56803d5d4,1219 Commonwealth Avenue,Boston,Suffolk,MA,2134,America/New_York
0b04c6c2-9b21-4be2-b947-66cac8ff6020,135 Market St,Boston,Suffolk,MA,2135,America/New_York
5ce97896-0d72-48c5-8a64-56a4c902093d,1138 Blue Hill Avenue,Boston,Suffolk,MA,2124,America/New_York
354cb86e-2538-468a-8cd1-413ea6ab38c7,582 Dorchester Ave,Boston,Suffolk,MA,2127,America/New_York
c62e2689-a66a-46a5-9c4d-85d8113e723f,100 Van Ness St,Boston,Suffolk,MA,2215,America/New_York
77a55008-afa0-4677-ade7-41e5d397417e,106 Cambridge Street,Boston,Suffolk,MA,2114,America/New_York
bbd70397-fd1a-4143-8642-f6ffdcb35ba9,155 Meridian St,Boston,Suffolk,MA,2128,America/New_York
d06968eb-586d-439c-9521-9ac07d5ece53,204 Cambridge St,Boston,Suffolk,MA,2114,America/New_York
f2b5b7ff-08ac-4580-992a-f43f01595c7d,115 Causeway St,Boston,Suffolk,MA,2114,America/New_York
dc190879-e378-4e7e-8e37-57ec4540a62f,736 Centre Street,Boston,Suffolk,MA,2130,America/New_York
8278835d-6f15-4da8-bd47-45a87cfe7d00,665 Tremont St,Boston,Suffolk,MA,2118,America/New_York
32e157b5-f386-4f8d-9a25-96d78057e228,390 Chelsea St,Boston,Suffolk,MA,2128,America/New_York
909376d7-4b7e-444f-aef3-19de0b4a6a0b,1971 Dorchester Ave,Boston,Suffolk,MA,2124,America/New_York
95e84f0d-2d4d-4df8-b152-da5bd354e0b4,636 Beacon St,Boston,Suffolk,MA,2215,America/New_York
421038a5-02de-41d0-a108-b9be5b4e7d8e,972 Saratoga St,Boston,Suffolk,MA,2128,America/New_York
98643e9a-8947-4b63-900b-22150edeb2a5,5 Bowdoin St,Boston,Suffolk,MA,2124,America/New_York
ae4dc265-a97b-4896-9bc4-099c050a840d,1229 Dorchester Ave,Boston,Suffolk,MA,2125,America/New_York
371339af-d03a-4ec5-ac91-12197860feed,1159 Washington St,Boston,Suffolk,MA,2124,America/New_York
b437d255-c8de-4406-9cc9-2227e16fc6ba,22 Kneeland St,Boston,Suffolk,MA,2111,America/New_York
f845856c-e139-45d1-8643-6f4ff12a1617,686 Morton St,Boston,Suffolk,MA,2124,America/New_York
f268a77f-98a0-41d0-9163-57c89066af34,569 Tremont Street,Boston,Suffolk,MA,2118,America/New_York
f396c4cf-69f3-4a79-9f4d-4c4e3cc2f1bb,364 Broadway,Revere,Suffolk,MA,2151,America/New_York
051804d2-ac24-421a-8ab8-7fd75ea72622,336 Sumner St,Boston,Suffolk,MA,2128,America/New_York
7e97c4e3-0852-448d-83f4-6ed486d844f7,20 Charles St,Boston,Suffolk,MA,2114,America/New_York
574a3dce-2ced-4ff4-a10a-9fe02389bdf6,1401 Washington St,Boston,Suffolk,MA,2118,America/New_York
66b934e7-f1b3-406b-9758-7c29b385d902,1504 Dorchester Ave,Boston,Suffolk,MA,2122,America/New_York
145d5e33-94b5-424a-a17f-5baa194bc551,400 Tremont St,Boston,Suffolk,MA,2116,America/New_York
e1482166-1927-437b-830a-5eadff190090,"Ned Devine's, 1 Faneuil Hall Marketplace",Boston,Suffolk,MA,2109,America/New_York
31a66cc7-c297-477d-b03f-d87f498be40d,240 Commercial Street,Boston,Suffolk,MA,2109,America/New_York
a76d8f3c-7242-4c21-b8d0-f7c37d5f47f2,1856 Centre Street,Boston,Suffolk,MA,2132,America/New_York
635fec88-ae8f-430b-bcfb-854321d3828b,931 Dorchester Ave,Boston,Suffolk,MA,2125,America/New_York
6a160697-7738-4487-9566-2a3f90d3ad2f,1252 Washington Street,Boston,Suffolk,MA,2118,America/New_York
ee3f989e-12bf-4edc-9fe1-dd6ec19ba207,1721 Washington Street,Boston,Suffolk,MA,2118,America/New_York
fb711411-5644-44cc-ac93-4f91b6fb9923,658 Centre St,Boston,Suffolk,MA,2130,America/New_York
9120b79c-09a2-4d4f-aceb-4317a87285f4,1482a Tremont St,Boston,Suffolk,MA,2120,America/New_York
730be95d-1c2b-4737-a3dc-e4b22a7747a9,1 Brighton Ave,Boston,Suffolk,MA,2134,America/New_York
872bff54-a9c4-4bbd-8a91-1d833e6c7de4,131 Broad St,Boston,Suffolk,MA,2110,America/New_York
f51a945b-1202-4225-af9c-23932aee92dd,776 Boylston Street,Boston,Suffolk,MA,2199,America/New_York
8058ed90-97f4-4569-9333-9100728bba86,239 Meridian St,Boston,Suffolk,MA,2128,America/New_York
89f3c62c-bd7a-4f70-9cb8-42b7771654fd,275 Shawmut Ave,Boston,Suffolk,MA,2118,America/New_York
b475f14b-77b5-44c3-8567-5cdbbf7632eb,305 Huntington Ave,Boston,Suffolk,MA,2115,America/New_York
a3390734-e876-4f45-85d0-9aaf3004ad68,1585 Commonwealth Avenue,Boston,Suffolk,MA,2135,America/New_York
a586737d-2ce9-41ed-93ff-a9d6b4a5600e,263 Hanover St,Boston,Suffolk,MA,2113,America/New_York
2e927b86-5d47-4076-a088-ead7515e0a74,22 Central Square,Boston,Suffolk,MA,2128,America/New_York
d349e97b-293a-4efe-9608-a27160d0e4dc,924 Morton St,Boston,Suffolk,MA,2126,America/New_York
e10beccc-6186-4b70-95b7-d3563b0c9f37,1744 Washington St,Boston,Suffolk,MA,2118,America/New_York
922e5e99-5363-4304-92db-f5772d74adc7,409 Chelsea St,Boston,Suffolk,MA,2128,America/New_York
3623ec0b-bbc0-4e43-9379-ea10dd59ead7,800 Boylston St,Boston,Suffolk,MA,2199,America/New_York
c559809f-40f0-45c4-bde4-e0db30d4e57d,23 Hudson St,Boston,Suffolk,MA,2111,America/New_York
af5f2af5-ceaf-4c91-b86e-66a0b0983797,4206 Washington St,Boston,Suffolk,MA,2131,America/New_York
6570ac47-093b-433b-a63e-84eacc7144f7,170 Everett Avenue,Chelsea,Suffolk,MA,2150,America/New_York
b1bcacb8-0244-47f4-90a0-b6e36714d888,153 Belgrade Ave,Boston,Suffolk,MA,2131,America/New_York
c4427767-96ac-4160-a915-16a704decbba,250 Huntington Ave,Boston,Suffolk,MA,2115,America/New_York
3f185236-32b8-43bb-b47d-a5603ec860d6,137 Pearl St,Boston,Suffolk,MA,2110,America/New_York
11c5e82e-7fab-4873-9cba-0f5113ad6558,1 Stuart St,Boston,Suffolk,MA,2116,America/New_York
3c0dbf15-9bd4-451e-9819-44ac7c72cedc,473 Albany Street,Boston,Suffolk,MA,2118,America/New_York
6e13b200-225c-4ba9-9545-6c9f5f83fc7e,100 Arlington St,Boston,Suffolk,MA,2116,America/New_York
a8435a33-5762-4e9e-b385-874aa9fc143d,95 Summer St,Boston,Suffolk,MA,2110,America/New_York
df93384d-d424-4b73-bc0e-7f98a7f8129a,36 Harrison Ave,Boston,Suffolk,MA,2111,America/New_York
cdd214b5-ec25-4343-9185-61253167b388,376 Revere Beach Blvd,Revere,Suffolk,MA,2151,America/New_York
b0e28b93-1b76-4843-91c2-785d1830348d,190 High St,Boston,Suffolk,MA,2110,America/New_York
502abf4a-7f59-437f-9a67-cab81e305f20,506 Park Dr,Boston,Suffolk,MA,2215,America/New_York
4bd80b75-d13d-4235-93ad-59436f379b53,23 S Huntington Ave,Boston,Suffolk,MA,2130,America/New_York
e9199185-c2cf-49c2-b5d7-3be0ffe65210,79 Charles Street,Boston,Suffolk,MA,2114,America/New_York
c41419a5-fe02-47a3-8e31-060656ef9b29,1638 Washington Street,Boston,Suffolk,MA,2118,America/New_York
d1ae7265-cafd-47df-8449-41b855036757,309 Huntington Ave,Boston,Suffolk,MA,2115,America/New_York
5b9ef6f3-e9ee-43d5-aec5-f7ec3f08b123,611 Dorchester Ave,Boston,Suffolk,MA,2127,America/New_York
66ea334d-e870-4a89-b3f0-6ad2676ee648,659 Centre Street,Boston,Suffolk,MA,2130,America/New_York
556bb8d4-ad70-47a3-84d6-a9cc5c8d3848,150 Charles Street,Boston,Suffolk,MA,2114,America/New_York
909aaa24-df26-4c10-b1af-7d6f6a7271d0,156 Cambridge St,Boston,Suffolk,MA,2114,America/New_York
4f731863-bd3f-44f6-9378-ce0a663521f1,2 Center Plz,Boston,Suffolk,MA,2108,America/New_York
d5de5260-23ea-472e-8bff-2343a1acb131,54 Bennington St,Boston,Suffolk,MA,2128,America/New_York
61e2204d-f256-435d-825a-41435250b18c,36 Central Square,Boston,Suffolk,MA,2128,America/New_York
424dfa15-8c21-43ca-ab2d-bff289d802f4,384 Western Ave,Boston,Suffolk,MA,2135,America/New_York
1fca3ce9-c8ab-45cd-87a0-5fded7b3b791,151 Veterans Of Foreign Wars Pkwy,Revere,Suffolk,MA,2151,America/New_York
13bbdcab-abdb-4084-a5b7-c087b83da681,421 Marlborough Street,Boston,Suffolk,MA,2115,America/New_York
79dd4aaa-8203-4693-abc3-760b88d9f10d,,Boston,Suffolk,MA,2119,America/New_York
47edf7a1-bd57-45e5-be9e-4dd006618616,3346 Washington St,Boston,Suffolk,MA,2130,America/New_York
10ef48a0-58c9-4d65-a0a4-b808e20dec4a,250 Huntington Ave,Boston,Suffolk,MA,2115,America/New_York
b9ecb605-577f-4a34-9d92-9d5548a89511,3 Blackfan Cir,Boston,Suffolk,MA,2115,America/New_York
a6d569bd-3dcc-4424-9428-bdc731fba7f8,67 Prince St,Boston,Suffolk,MA,2113,America/New_York
c990a6b0-9095-46ad-a4f8-80528e667f15,290-296 Hanover St,Boston,Suffolk,MA,2113,America/New_York
e8c4923d-e9e9-4f65-8143-c970df449a37,299-309 Hancock St,Boston,Suffolk,MA,2125,America/New_York
5849f5f0-f08e-481f-8525-63557d55ba78,107 Avenue Louis,Boston,Suffolk,MA,2115,America/New_York
2cdf5b20-2c4d-4178-ac15-d83b5320dd8f,956 American Legion Hwy,Boston,Suffolk,MA,2131,America/New_York
9bf7ce5e-9e9d-400f-b67c-d7a747f16356,132 Newbury Street,Boston,Suffolk,MA,2116,America/New_York
d847d62a-e43d-4549-b4fb-4a3461c4c4b3,240 Cambridge St,Boston,Suffolk,MA,2114,America/New_York
140c27be-277d-4db8-ae9e-96789eb83507,589 Washington St,Boston,Suffolk,MA,2135,America/New_York
4dd5f9bd-3b26-45a5-8a03-0701fc77eca6,109 Shurtleff St,Chelsea,Suffolk,MA,2150,America/New_York
1741c393-4444-445c-9cf1-3c66c6acef41,153 Sutherland Rd,Boston,Suffolk,MA,2135,America/New_York
0daee1c6-a97f-4cde-a12b-4b175610ae12,2 Oliver Street,Boston,Suffolk,MA,2109,America/New_York
6b37a488-0648-4c64-bf00-a9b99745570f,482 Washington St,Boston,Suffolk,MA,2124,America/New_York
41145058-d899-4b34-a90f-47899e0c52e5,99a Cambridge St,Boston,Suffolk,MA,2129,America/New_York
82871bab-8ea9-4fa1-8520-6c239ad12c00,120 Meridian St,Boston,Suffolk,MA,2128,America/New_York
a2326132-952e-4958-a2a2-a75825d3d111,185 Harvard Avenue,Boston,Suffolk,MA,2134,America/New_York
c5c56aba-8fe0-41c0-ad43-2d153c51105c,226 Tremont St,Boston,Suffolk,MA,2116,America/New_York
bbf7cdef-d206-4af6-ba5c-cbafcb7aa10f,147 Pearl St,Boston,Suffolk,MA,2110,America/New_York
e776d321-c8ff-4a55-861a-878ab7ad4c8b,44 Province Street,Boston,Suffolk,MA,2108,America/New_York
5491847c-cacb-4dc0-8219-77cbf9b0459c,15 West Street,Boston,Suffolk,MA,2111,America/New_York
e868316d-7980-4710-ba7b-cff11ebdf899,1631 Blue Hill Avenue,Boston,Suffolk,MA,2126,America/New_York
427c9ee2-4662-4f09-8501-72fcd0c022b5,581 Washington Street,Boston,Suffolk,MA,2111,America/New_York
73a12a2b-1cf0-4e8c-9b0f-17bec689e0c6,1427 Tremont St,Boston,Suffolk,MA,2120,America/New_York
ec8c6332-28ac-440d-9349-25d93b9414d2,1728 Dorchester Ave,Boston,Suffolk,MA,2124,America/New_York
d5d1b879-ec68-42e6-b1b8-5d6598f20165,304 Dudley St,Boston,Suffolk,MA,2119,America/New_York
e2993111-3630-4be8-a115-90fdcb91d6ff,417 Washington St,Boston,Suffolk,MA,2114,America/New_York
976a7998-eeee-45d9-b589-6418173f032d,512 Commonwealth Avenue,Boston,Suffolk,MA,2215,America/New_York
a281f282-8467-4392-9594-33df76f339bc,151 Pearl St,Boston,Suffolk,MA,2110,America/New_York
ff422f6e-a58a-48b0-87e9-07c87e2a25ba,100 Hanover St,Boston,Suffolk,MA,2108,America/New_York
36d42287-695d-412d-bdd8-dc9c8ab8580e,260 Washington St,Boston,Suffolk,MA,2108,America/New_York
0462609a-87ad-4b4b-a092-78c17694d6c5,120 Blackstone St,Boston,Suffolk,MA,2108,America/New_York
4d743d5c-d975-4460-bf5f-6a84681cae78,109 Brighton Avenue,Boston,Suffolk,MA,2134,America/New_York
f20aa252-e8fe-4b97-ae35-93840c28f780,1750 Washington St,Boston,Suffolk,MA,2118,America/New_York
b4e472ca-e1e5-4439-b042-d00e1ed44f13,9 Tyler St,Boston,Suffolk,MA,2111,America/New_York
eacf01f5-4ab4-4737-8834-b7533ad5c142,412 W Broadway,Boston,Suffolk,MA,2127,America/New_York
985575ee-cfd6-4de7-ae43-b525dc4fec91,268 Centre St,Boston,Suffolk,MA,2130,America/New_York
97ecfa73-20c5-478a-9bff-4c09fba685cd,50 Terminal St,Boston,Suffolk,MA,2129,America/New_York
8b29090f-43ff-44de-8849-06e88fa8a6ec,418 Market Street,Boston,Suffolk,MA,2135,America/New_York
1eb2ddc2-6245-4212-96cd-748527e1224d,696 Washington St,Boston,Suffolk,MA,2111,America/New_York
a0a1dd49-87b4-462b-aa3c-bc924fbb33c7,91 Summer St,Boston,Suffolk,MA,2110,America/New_York
28152c36-05ab-4b44-9c49-1d28c87748f6,77 Canal St,Boston,Suffolk,MA,2114,America/New_York
61f82f98-d606-4e30-ab42-129ff3b622da,63 Broad Street,Boston,Suffolk,MA,2109,America/New_York
a4ee58f4-5ff9-438f-a346-5e76d7c5c0fd,121 Devonshire St,Boston,Suffolk,MA,2108,America/New_York
1479d571-6ca2-4e60-9a43-d1e545c53841,266 Bowdoin St,Boston,Suffolk,MA,2122,America/New_York
0f3bd1a1-fd31-423e-b453-3cfc1d84b45d,1459 Dorchester Ave,Boston,Suffolk,MA,2122,America/New_York
339005cc-8266-4a0d-b1ac-1c7a1c4544c4,432 Geneva Ave,Boston,Suffolk,MA,2122,America/New_York
d27a381a-5835-4f0e-92b3-629c367e5e29,350 Bennington St,Boston,Suffolk,MA,2128,America/New_York
6f2d180a-ebab-4ecb-b9a5-0c2fa651bfd3,1 Brighton Ave,Boston,Suffolk,MA,2134,America/New_York
541b0eb7-c8b7-4882-b687-f84e6dbf4656,1154 River St,Boston,Suffolk,MA,2136,America/New_York
a2266ea7-af4e-4945-b9fe-f53d0989e5bb,133 Harvard Ave,Boston,Suffolk,MA,2134,America/New_York
3c5ff02c-bd2d-47a6-aff5-11b43e9d4857,154 Maverick St,Boston,Suffolk,MA,2128,America/New_York
0a5accba-3273-4d5f-8e8a-ad635d7ab2d3,1735 Centre Street,Boston,Suffolk,MA,2132,America/New_York
19006598-19eb-411a-88bc-2c2b8f1b0787,10 Central Ave,Chelsea,Suffolk,MA,2150,America/New_York
c176edfa-661f-43a8-b5ff-0552e9335b62,313 Old Colony Ave,Boston,Suffolk,MA,2127,America/New_York
1e7a182e-ceb4-41eb-ac7b-a7833d4897d0,745 Atlantic Ave,Boston,Suffolk,MA,2111,America/New_York
76ab1c44-7322-4793-86c1-6d87c671a25c,296 Washington St,Boston,Suffolk,MA,2135,America/New_York
d0300b3a-9bc8-47d0-b240-5069e42995ad,8 Park Plaza,Boston,Suffolk,MA,2116,America/New_York
4727c9ed-8e29-4f69-9ba1-3cfe2094fd45,464 Centre St,Boston,Suffolk,MA,2130,America/New_York
59452f3c-65f4-4812-90dc-99ed085c3479,613 Centre St,Boston,Suffolk,MA,2130,America/New_York
57f93b88-2b8b-43a4-b699-09bea7a062cf,484 Commonwealth Avenue,Boston,Suffolk,MA,2215,America/New_York
fc26128e-77e2-4cf2-9c3b-e22cfb39fdd8,221 Hanover St,Boston,Suffolk,MA,2113,America/New_York
02c11e11-45e5-4bc9-b714-d61cc15e7f2e,650 Washington Ave,Chelsea,Suffolk,MA,2150,America/New_York
e3e06f38-651d-4c8c-a66b-fa1460bb3ddb,1 Faneuil Hall Market Pl,Boston,Suffolk,MA,2109,America/New_York
c7c58c4b-0edb-47b0-a1ae-7fe3adc5b758,1092 Commonwealth Avenue,Boston,Suffolk,MA,2215,America/New_York
ab4375aa-4b88-448f-818e-395e1ae2a5f2,"South End Pita, 473 Albany St # 2506",Boston,Suffolk,MA,2118,America/New_York
ddf1436d-09f6-4747-ab23-7181d09e7182,86 Harrison Ave,Boston,Suffolk,MA,2111,America/New_York
50ff62e9-cdf1-4c01-8a97-8572b42e0a44,11 Rhoades St,Boston,Suffolk,MA,2124,America/New_York
08d1eea4-61cd-4d43-8a55-26c62fe9d988,75 Spring St,Boston,Suffolk,MA,2132,America/New_York
4151f450-5b8e-49c2-9884-e164c7bae64d,225 Franklin St # 84,Boston,Suffolk,MA,2110,America/New_York
92545acf-1fab-4be4-9fea-1cfc53c0077b,793 Boylston Street,Boston,Suffolk,MA,2116,America/New_York
b8d8aa3d-ba6f-44dd-b448-ec94136fb4fc,205 L Street,Boston,Suffolk,MA,2127,America/New_York
f06dc32b-0460-4751-91b5-d8ee7a6c8242,15 3rd Avenue,Boston,Suffolk,MA,2129,America/New_York
c0ee8c1f-e38c-436f-bbac-8dcfc091108d,67 Washington St,Boston,Suffolk,MA,2135,America/New_York
b51ce87d-b277-4ca1-a621-ab22275e9eb8,11 1/2 Thacher St,Boston,Suffolk,MA,2113,America/New_York
c557f64b-79f5-4e4a-afaf-f46e227f39c1,353 Cambridge Street,Boston,Suffolk,MA,2134,America/New_York
c9aa3526-7e94-453f-aba6-45d0e364a5f5,1330 Boylston Street,Boston,Suffolk,MA,2215,America/New_York
033884f5-f628-4e9f-a152-cf8b4fac213f,1281 W Roxbury Pkwy,Chestnut Hill,Suffolk,MA,2467,America/New_York
5fb67963-793d-474e-99e6-2bb66ad50e8c,563 Washington St,Boston,Suffolk,MA,2135,America/New_York
2b6a361f-6c1b-4986-b374-0eed82c74346,68 Woodside Ave,Winthrop,Suffolk,MA,2152,America/New_York
9dea0afe-c013-4b4f-a74b-996b7ef08b6f,399 Boylston St,Boston,Suffolk,MA,2116,America/New_York
61a17b1b-7d84-4a85-9a2d-357798b7ff0e,1076 Boylston St,Boston,Suffolk,MA,2215,America/New_York
249d4f9a-4913-4c95-8847-59f789d01b7d,130 N Beacon St,Boston,Suffolk,MA,2135,America/New_York
b501f611-cb03-4294-907b-503a8bc54742,695 Truman Hwy,Boston,Suffolk,MA,2136,America/New_York
098f0779-8c71-46b1-a5be-3e3a14fbc0bf,"Broad Street Paulies, 64",Boston,Suffolk,MA,2109,America/New_York
08f4c6e0-4a3a-423e-b84a-df04b184705c,1 Brighton Ave,Boston,Suffolk,MA,2134,America/New_York
7c04060b-012c-4b44-961a-4c9c0421c730,10 Milk St,Boston,Suffolk,MA,2108,America/New_York
c3c6a5cb-e1bc-4bbb-bc2e-b505b695ac80,338 Newbury Street,Boston,Suffolk,MA,2115,America/New_York
a5cd552a-1843-47d2-b87f-a4d787e3cfae,5200 Washington St,Boston,Suffolk,MA,2132,America/New_York
49dcb67a-7936-4262-999a-c9bb8042e00d,170 W Broadway,Boston,Suffolk,MA,2127,America/New_York
679c9d22-b444-4983-90ea-a8244b4e0106,7 School St,Boston,Suffolk,MA,2108,America/New_York
02b2de24-45bf-4173-8f9b-eea458db4e4c,157 Sutherland Rd,Boston,Suffolk,MA,2135,America/New_York
b58d786e-9f8b-4908-8d04-9c2f47bc61b4,679 Canterbury St,Boston,Suffolk,MA,2131,America/New_York
8218b960-8c26-41ae-89c4-585ddb9e869e,225 Boylston St,Chestnut Hill,Suffolk,MA,2467,America/New_York
09a1c16e-fb65-47a2-8939-24ab1aaaf271,28 Porter St,Boston,Suffolk,MA,2128,America/New_York
ef4f3754-db00-43d0-bb94-209298f2bc45,1 S Market St,Boston,Suffolk,MA,2109,America/New_York
0fe35d8c-7a43-432f-8113-d6517a83c4ff,111 Chelsea St,Boston,Suffolk,MA,2128,America/New_York
48947c07-7843-49b5-9315-9c2191f818d9,417 Washington St,Boston,Suffolk,MA,2110,America/New_York
739fb83a-5a7a-4d07-8506-e0ca5d1acd30,1906 Dorchester Ave,Boston,Suffolk,MA,2124,America/New_York
4ed22181-d86c-49b5-95d3-960898a2c76c,1 Marina Park Drive,Boston,Suffolk,MA,2210,America/New_York
c240cb49-9849-47fc-8ac7-2fcf8039d2ec,5204 Washington St,Boston,Suffolk,MA,2132,America/New_York
f64e632d-af78-4d3a-8d1f-245b6f5d08c4,873 South St,Boston,Suffolk,MA,2131,America/New_York
2d90da52-c0a3-4c06-beba-0e0c4808265d,600 Harrison Ave,Boston,Suffolk,MA,2118,America/New_York
e86fe313-b4d5-45e7-92d9-c1cc93b27e1f,1 Beacon Street,Boston,Suffolk,MA,2108,America/New_York
dbe9ad8e-723f-42ab-a996-2cab64691003,712 Commonwealth Avenue,Boston,Suffolk,MA,2215,America/New_York
529bd7e6-e75f-4c03-9777-f66b4db952dd,3 N Beacon St,Boston,Suffolk,MA,2134,America/New_York
1635ffef-ff84-4d44-ad8f-3687f7a489a9,74 Canal St,Boston,Suffolk,MA,2114,America/New_York
1cb3f4ab-93f7-4a9e-829c-8cdd9db93c91,217 Newbury St,Boston,Suffolk,MA,2116,America/New_York
0ff66b17-b508-4177-b95e-373aab4ed478,552 Washington St,Boston,Suffolk,MA,2135,America/New_York
61f22e95-9369-4ffe-a4f1-90f7478d6f23,42 Charles Street,Boston,Suffolk,MA,2114,America/New_York
0811d847-0f80-4227-a08c-9012b38239bc,250 Northern Ave # 200,Boston,Suffolk,MA,2210,America/New_York
17cffdee-e61a-4811-9cfc-bea7173d9422,1890 Centre St,Boston,Suffolk,MA,2132,America/New_York
8a37b1b7-7797-4f23-aebb-82039e0dae6f,42 Beach St,Boston,Suffolk,MA,2111,America/New_York
8906439e-e234-4ad3-be9f-1f144abc3af5,366 BROADWAY,Chelsea,Suffolk,MA,2149,America/New_York
0df2e599-9cc4-48b9-8b13-3e8c17957f1f,252 Friend St,Boston,Suffolk,MA,2114,America/New_York
81067343-7d32-48f0-b027-187e1bfb0afa,560 Harrison Ave,Boston,Suffolk,MA,2118,America/New_York
252f4b1c-688a-4edd-87bc-11e9fbf6c161,150 Broadway,Chelsea,Suffolk,MA,2150,America/New_York
8be52a7f-b928-4269-97d9-2daca13cbdbc,38 Norfolk St,Boston,Suffolk,MA,2124,America/New_York
a65e00a4-035d-4fff-b5be-cf21b2015613,3698 Washington St,Boston,Suffolk,MA,2130,America/New_York
64428de7-feb1-4d2d-9002-a504b663f0e7,1370 Dorchester Ave,Boston,Suffolk,MA,2122,America/New_York
8cc8923d-bee2-4e1c-8861-3ff38255b638,58 Franklin St,Boston,Suffolk,MA,2110,America/New_York
9f8b4062-9fce-4546-8cf1-e42899a5fa07,667 East Broadway,Boston,Suffolk,MA,2127,America/New_York
f0db08b7-fb4e-412a-bedc-5f4e3a644055,278 Centre St,Boston,Suffolk,MA,2130,America/New_York
7582b11c-9e11-46b0-b905-aaa0c5b7f1d3,1121 Harrison Ave,Boston,Suffolk,MA,2119,America/New_York
973ae8af-de3c-4615-9d7d-bcf783d804da,111 Salem St,Boston,Suffolk,MA,2113,America/New_York
bd312b53-5280-4352-8135-744956794f4b,416 Tremont St,Boston,Suffolk,MA,2116,America/New_York
8b073840-0781-4271-a8d4-71c1470022a3,174 Harvard Ave,Boston,Suffolk,MA,2134,America/New_York
e74597ea-55e1-4f1d-934b-6acc2f12a7c7,567 Bennington St,Boston,Suffolk,MA,2128,America/New_York
6d4bfe4d-2e32-4965-8970-85f3a55017bc,16 North Street.,Boston,Suffolk,MA,2109,America/New_York
d55a5e5b-1454-43ea-9aea-20993ee11334,1 Faneuil Hall Market Pl,Boston,Suffolk,MA,2109,America/New_York
3b78c012-34d5-460c-8671-7e77aeffeb77,70 Woodside Ave,Winthrop,Suffolk,MA,2152,America/New_York
3993d673-0af1-4e2e-8163-de024498071c,692 Columbia Rd,Boston,Suffolk,MA,2125,America/New_York
2651f46c-1c8b-46e4-b357-7ce677a9959c,224 Columbia Rd,Boston,Suffolk,MA,2121,America/New_York
6da2f86a-fecf-486a-af5c-0990b5545499,112 Stoughton St,Boston,Suffolk,MA,2125,America/New_York
c1a396df-5484-4d57-af74-84b9211efe2a,24 5th St,Chelsea,Suffolk,MA,2150,America/New_York
9c5db2d0-0330-4874-bece-d6e0d5ce2bd6,1110 Boylston St,Boston,Suffolk,MA,2215,America/New_York
2e67f8c2-ae37-49e1-8484-abb6a0c32fbc,3722 Washington St,Boston,Suffolk,MA,2130,America/New_York
81d2221f-d5e2-4cc5-959c-da4786986426,82 Westland Ave,Boston,Suffolk,MA,2115,America/New_York
e5496707-3b88-40fb-8f7e-03929f7164d7,77 Dorchester Street,Boston,Suffolk,MA,2127,America/New_York
38c3d1db-5c5d-4ccd-995c-053d6a41a658,1620 Commonwealth Avenue,Boston,Suffolk,MA,2135,America/New_York
f0535adc-fd11-461d-96e6-f35714f3d845,196 Quincy St,Boston,Suffolk,MA,2125,America/New_York
932ee343-63db-4a1e-a7d7-1beeab089983,704 E Broadway,Boston,Suffolk,MA,2127,America/New_York
cf830773-d5db-4bca-bed5-a25ca0546f37,8 Tyler St,Boston,Suffolk,MA,2111,America/New_York
cab3fa93-f090-422c-b662-5e7404c7bf71,21 Beacon St,Boston,Suffolk,MA,2108,America/New_York
65625bb9-b8be-484a-8da4-c9fd16e0584a,177 Allston St,Boston,Suffolk,MA,2134,America/New_York
beaaca29-02dc-4ceb-9cbf-d0a3dd1853e5,3094 Washington St,Boston,Suffolk,MA,2119,America/New_York
9ef01035-aed4-4916-8529-c816a64427d6,560 Harrison Ave,Boston,Suffolk,MA,2118,America/New_York
6a65faf2-6b76-487e-b11e-9a5fe7f41bcf,700 Commonwealth Avenue,Boston,Suffolk,MA,2215,America/New_York
359a82c8-e035-4f8c-84dc-f582e95d754b,896 Morton St,Boston,Suffolk,MA,2126,America/New_York
a2ac2364-f0bb-4852-a3fd-4e49d0db45ea,285 Hanover St,Boston,Suffolk,MA,2113,America/New_York
2cd82390-4b77-418b-bbe7-91eca82eefcd,57 Boston Wharf Rd,Boston,Suffolk,MA,2210,America/New_York
78b59d86-8ae0-4ea0-b06f-69cab0eafb39,130 Newmarket Square,Boston,Suffolk,MA,2118,America/New_York
68d858ad-50d2-4f64-b0a5-265ee5f726d0,225 Grove St,Boston,Suffolk,MA,2132,America/New_York
10f779d6-2f29-4749-8ce1-4a24eae5a616,108 Lincoln St,Boston,Suffolk,MA,2111,America/New_York
6710e2cd-5a0f-406f-bb57-9a088c492099,285 Adams St,Boston,Suffolk,MA,2122,America/New_York
056c62c6-a7cc-4a63-b3d8-08ebe1f035b9,23 Drydock Ave,Boston,Suffolk,MA,2210,America/New_York
16646090-24ae-45bd-8f44-d3531f0d5c80,253 Hanover St # 2,Boston,Suffolk,MA,2113,America/New_York
daa2c443-93bc-421b-aa57-2a08e513d8fe,106 4th St,Chelsea,Suffolk,MA,2150,America/New_York
e634a438-6240-4fd9-9511-2010e2e38bb1,83a Seaport Blvd,Boston,Suffolk,MA,2210,America/New_York
b97b3fc1-d75e-4746-bbc4-fc6adf742aa6,606 Centre St,Boston,Suffolk,MA,2130,America/New_York
52dc7773-78eb-4468-808a-5a3b4d11ba5c,1592 Blue Hill Avenue,Boston,Suffolk,MA,2126,America/New_York
c4d66c9c-2cde-4218-bf6a-813ff13daab1,4197 Washington Street,Boston,Suffolk,MA,2131,America/New_York
29a95845-c39f-4d64-af3a-700a5024321a,152 Chestnut Hill Ave,Boston,Suffolk,MA,2135,America/New_York
1c7969bf-7fd4-4cc3-844a-80603b596cb8,"31 St James Ave, 31 Saint James Avenue",Boston,Suffolk,MA,2116,America/New_York
27449031-efa8-4219-8b39-15999ce1c92b,452 Huntington Ave,Boston,Suffolk,MA,2115,America/New_York
4dac0748-ec35-4240-82de-4c236eaae8a3,100 City Hall Square,Boston,Suffolk,MA,2108,America/New_York
4bda2a55-86e2-4308-bea8-440c89fd2bac,352 Harrison Ave b,Boston,Suffolk,MA,2118,America/New_York
40a1027c-a1aa-49e7-9b10-2b50ea3f4ec4,300-300C Centre St,Boston,Suffolk,MA,2130,America/New_York
60baf417-2c4d-49cd-ab46-60a8cae91ee5,74 Canal St,Boston,Suffolk,MA,2114,America/New_York
70174f06-1a57-4800-820d-81db00e4239d,"Shore Leave, 11 William E Mullins Way",Boston,Suffolk,MA,2118,America/New_York
ed39e5b4-0d4e-4380-901c-c1c1c164a70e,28 Myrtle St,Boston,Suffolk,MA,2114,America/New_York
7c3fa2f5-6a6e-4864-863d-0cb0d23fb8b6,655 Tremont St,Boston,Suffolk,MA,2118,America/New_York
88051e97-d0a6-4afd-b38b-3fff6c28caf8,1114 Boylston St,Boston,Suffolk,MA,2215,America/New_York
f7b13dd1-b3ce-4e80-9c0a-fc6d7f9564f9,1233 Bennington St,Boston,Suffolk,MA,2128,America/New_York
5441619c-e0c8-404d-9193-e3ca02a73e71,100 Peterborough St,Boston,Suffolk,MA,2215,America/New_York
d8cb5d8b-7286-412f-a7e8-80936d3a632b,187 Chestnut Hill Ave,Boston,Suffolk,MA,2135,America/New_York
81ecac12-77cf-49a9-9c28-956772b93f48,100 Summer Street,Boston,Suffolk,MA,2110,America/New_York
478d75f5-11a0-4f1b-8411-aeab4c5b265f,4 River St,Boston,Suffolk,MA,2126,America/New_York
e90a0b62-484f-405e-b117-f00ee0e6fedd,1918 Beacon Street,Boston,Suffolk,MA,2135,America/New_York
e5044235-38cd-46e3-82d6-4d5f200be03a,3510 Washington St,Boston,Suffolk,MA,2130,America/New_York
983909ab-6f0b-49d7-b50e-75f22c856a06,1448 Dorchester Ave,Boston,Suffolk,MA,2122,America/New_York
21fd2a6a-93dc-4aee-81d1-5e7baecc0816,2 Tremont St,Boston,Suffolk,MA,2135,America/New_York
f88a5c87-3545-430c-a4b5-99ef69b22a84,30 Gloucester Street,Boston,Suffolk,MA,2115,America/New_York
e4408a60-3649-4efa-9837-ad89cc48f62d,475 Dudley St,Boston,Suffolk,MA,2119,America/New_York
0928255c-da5b-42f9-8a68-041781c713e8,284 Amory Street,Boston,Suffolk,MA,2130,America/New_York
8a02acd3-4610-4d98-b429-11e9c692246f,211 Hanover St,Boston,Suffolk,MA,2113,America/New_York
c24a9a24-d11c-4a87-88ef-99fbaeb8677a,654 Centre St,Boston,Suffolk,MA,2130,America/New_York
08449370-5929-440b-8b05-1f2caf5a6519,800 Boylston St,Boston,Suffolk,MA,2199,America/New_York
e254dc0a-59e6-4557-b696-1eea2a04c2da,563 Columbus Ave,Boston,Suffolk,MA,2118,America/New_York
baa7a3ca-28ce-4ede-9632-fca4e88ac1c1,250 Huntington Ave,Boston,Suffolk,MA,2115,America/New_York
9051ac6c-0959-4998-82e5-3e6f7ec0ea0c,1886 Centre St,Boston,Suffolk,MA,2132,America/New_York
f868c017-a611-4997-bde8-bc88bdb903d6,425 Summer St,Boston,Suffolk,MA,2210,America/New_York
c87ee48a-0147-41cc-869b-e8775f7da9a1,197A Massachusetts Ave,Boston,Suffolk,MA,2115,America/New_York
6765ec76-a312-43a5-9d37-4e71c25d46e0,75 Linden St,Boston,Suffolk,MA,2134,America/New_York
44330c49-aa16-40d3-af0b-fc262e2268e9,221 Longwood Avenue,Boston,Suffolk,MA,2115,America/New_York
209b2d4f-54ce-45f9-b1a4-73061abd0dfa,401 W Broadway,Boston,Suffolk,MA,2127,America/New_York
93b9db79-d6fd-448f-907d-074ec6044e1f,151 Milk St,Boston,Suffolk,MA,2109,America/New_York
a674cb0e-ada9-4dc3-adb6-80abf9898d71,32 Province St,Boston,Suffolk,MA,2108,America/New_York
7075f696-54a4-4c1a-866d-b9e76d9441f3,910 Broadway,Revere,Suffolk,MA,2151,America/New_York
97c0a9e3-10d2-4c86-8bec-eaa0cdd79ef6,570 Tremont St,Boston,Suffolk,MA,2118,America/New_York
dcb7cffe-1acc-4cfc-84af-0c5445de5d76,436 Western Avenue,Boston,Suffolk,MA,2135,America/New_York
1132a657-08fe-4762-bc28-6dca9a59d8c8,82 Lansdowne St,Boston,Suffolk,MA,2215,America/New_York
f064c5dd-626b-494f-8189-4bc97170d615,187 Wolcott Ct,Boston,Suffolk,MA,2136,America/New_York
a4b9e898-282b-4e10-bea6-d75fab499c7d,49 Melcher Street,Boston,Suffolk,MA,2210,America/New_York
4bc34f9d-34e3-405c-85b3-bbeee4387f5d,560 Washington St,Boston,Suffolk,MA,2111,America/New_York
d3c5125c-9606-40f4-be64-47308f30914e,1759 Centre Street,Boston,Suffolk,MA,2132,America/New_York
5e4639fc-e337-49fd-b542-25a41c04931d,1 S Market St,Boston,Suffolk,MA,2109,America/New_York
46c996a2-fbae-4154-b8f1-401d875f3d0b,50 Milk St,Boston,Suffolk,MA,2109,America/New_York
5b650c59-035c-4884-87bc-c6c60a94e2fe,226 Causeway St,Boston,Suffolk,MA,2114,America/New_York
692b1216-906e-4cb6-8690-df435b167209,40 Maverick Square,Boston,Suffolk,MA,2128,America/New_York
06729595-e74a-464b-959b-137f6a17072b,3 Franklin St,Boston,Suffolk,MA,2110,America/New_York
b557db32-7a4a-4766-8aa0-bde77cd4e495,235 Broadway,Chelsea,Suffolk,MA,2150,America/New_York
fac4e662-b200-4cbe-b17d-96ef42ecaf53,394 Geneva Ave,Boston,Suffolk,MA,2122,America/New_York
2ab293ff-4b61-40eb-8c7e-9f91e8ec321b,71 Broad St,Boston,Suffolk,MA,2109,America/New_York
04af7569-de0b-4fb5-92c1-2bb9683e59ee,1022 Commonwealth Avenue,Boston,Suffolk,MA,2215,America/New_York
5140f7b8-dcd1-4b36-b04c-f3d17b3a9f54,42 Chauncy Street,Boston,Suffolk,MA,2111,America/New_York
2899ed8e-5f59-426c-b599-d0d4c79ea257,52 Queensberry St,Boston,Suffolk,MA,2215,America/New_York
94e69c0b-94d7-4f32-8a58-6af019e609a6,184 Brighton Ave,Boston,Suffolk,MA,2134,America/New_York
f2de3379-10ce-4d82-9bf4-dd4643986cb1,103 Brighton Ave,Boston,Suffolk,MA,2134,America/New_York
48115587-7980-4867-9d15-314e85942943,239 Grove St,Boston,Suffolk,MA,2132,America/New_York
97155e68-685b-4568-91f3-1b12615ed5c8,222 Newbury Street,Boston,Suffolk,MA,2116,America/New_York
795b7f36-1785-415c-8a56-33e6131db27c,70 Pauline St,Winthrop,Suffolk,MA,2152,America/New_York
4f295018-b2b6-4588-84e0-ef7af98da9c5,232 Tremont Street,Boston,Suffolk,MA,2116,America/New_York
e28ce8b4-332c-41a1-a420-e6e85ae38e1a,371 Hanover St,Boston,Suffolk,MA,2109,America/New_York
ebc1a528-f5e6-4e71-b60b-c4455ac6769f,92 Bedford Street,Boston,Suffolk,MA,2111,America/New_York
0aac86f7-d4a6-4794-a3e3-f2d8e6f4436a,122 Seaver St,Boston,Suffolk,MA,2121,America/New_York
197af851-63ae-4a0d-87d8-eca2e0e6c9b3,662 Centre St,Boston,Suffolk,MA,2130,America/New_York
d35db50a-0ed4-445e-b294-31d8d2efd725,55 Causeway St,Boston,Suffolk,MA,2114,America/New_York
3c7fe5ac-643a-4511-8a7b-a1edfebf4cae,260 Franklin Street,Boston,Suffolk,MA,2110,America/New_York
bdaa6219-e6b7-482e-92e0-1226fc0f7695,484 Centre St,Boston,Suffolk,MA,2130,America/New_York
ad2e4c93-c5c3-4f19-8034-814293a073f5,"1095 Commonwealth Avenue # 212, 1095 Commonwealth Avenue, Suite 212",Boston,Suffolk,MA,2215,America/New_York
2f90baf6-e323-44e8-9719-cabd0fe14fb1,223 Adams St,Boston,Suffolk,MA,2122,America/New_York
5b0f122e-9639-4e07-a4a9-a81cb35a8cfe,3706 Washington Street,Boston,Suffolk,MA,2130,America/New_York
211eaed2-aa66-4958-a342-54733e4315c6,53 Chelsea St,Boston,Suffolk,MA,2128,America/New_York
8513003b-1d7e-4e98-aa0e-542a34f081dd,1141 Revere Beach Pkwy,Revere,Suffolk,MA,2151,America/New_York
028d2bbc-b778-469c-8b0d-4669f4088979,1232 Commonwealth Avenue,Boston,Suffolk,MA,2134,America/New_York
6ea7f9e9-34b5-42f6-b8ed-2a451bee134a,269 Newbury Street,Boston,Suffolk,MA,2116,America/New_York
2fd685a2-a070-4f34-b6f4-735df8fd8151,202 Humboldt Ave,Boston,Suffolk,MA,2121,America/New_York
5a0798b4-0a5f-414e-ae2c-6e2fd545fecc,142 Broadway,Chelsea,Suffolk,MA,2150,America/New_York
0ecef305-785f-4a9a-a48d-e33047cf0680,226 Tremont St,Boston,Suffolk,MA,2116,America/New_York
7105fb0b-8a8f-4351-a7cf-72497e283b03,84 Bennington St,Boston,Suffolk,MA,2128,America/New_York
4c9255d7-8b47-4f4e-b47a-baaa298a90e0,82 Causeway St,Boston,Suffolk,MA,2114,America/New_York
e939271d-9152-445b-81d0-a63206fc971f,7 Everett St,Revere,Suffolk,MA,2151,America/New_York
db2a3c70-b08d-4ae4-ae6b-540c979cfd0e,3710 Washington St,Boston,Suffolk,MA,2130,America/New_York
04147568-d1a4-4450-9b14-43a00b55d5bc,2197 Commonwealth Avenue,Boston,Suffolk,MA,2135,America/New_York
e8bf6819-8372-44a1-89d6-20f509c4ffdd,380 Washington St,Boston,Suffolk,MA,2135,America/New_York
a46a7bc9-ffda-4ec1-876d-6dc8b9c68fd4,298 Washington St,Boston,Suffolk,MA,2135,America/New_York
726e6e8a-6aa6-4f2f-9174-aeca5f7d4915,200 Atlantic Avenue,Boston,Suffolk,MA,2110,America/New_York
6cb91ef8-e034-47c9-9e6c-11ef484e9ec3,916 Commonwealth Avenue,Boston,Suffolk,MA,2215,America/New_York
be119a38-bfa3-4207-a6a4-b02f33af8ed1,60 Seaport Blvd,Boston,Suffolk,MA,2210,America/New_York
eb7af3b9-b7ea-49c7-af46-df5e066794c3,728 Commonwealth Avenue,Boston,Suffolk,MA,2215,America/New_York
20fb2a38-d6a6-4418-915d-fdb20209021b,850 Massachusetts Ave,Boston,Suffolk,MA,2118,America/New_York
18648861-3133-4ff2-8ecc-306784fa96d0,103 Brighton Ave,Boston,Suffolk,MA,2134,America/New_York
6726eb71-7831-457c-8cbc-7cc3f35e38c2,1926 Beacon St,Boston,Suffolk,MA,2135,America/New_York
96a408b6-89f6-48b5-8a42-1a955e14d792,164 Broadway,Chelsea,Suffolk,MA,2150,America/New_York
c312cf05-4964-47c4-a349-07133044fe19,412 Market St,Boston,Suffolk,MA,2135,America/New_York
655b6a72-e9b4-40db-b2ea-9e96c48c4a20,32 W Broadway,Boston,Suffolk,MA,2127,America/New_York
0e56ae75-c176-412c-8917-85adee88d426,838 Beacon St,Boston,Suffolk,MA,2215,America/New_York
da4b37d2-ae66-4fdf-a383-284ab4a13b69,295 Bennington St,Boston,Suffolk,MA,2128,America/New_York
c74af480-7554-426a-bdf3-1547c5748297,529 Broadway,Revere,Suffolk,MA,2151,America/New_York
be4ebf7f-373c-47d0-b64c-da961767627c,663 Morton St,Boston,Suffolk,MA,2126,America/New_York
0e625a7f-faa1-4246-a426-41a2ce380f72,121 Brookline Avenue,Boston,Suffolk,MA,2215,America/New_York
165b6cdf-0a22-482d-8ade-afc864a2f9ed,374 Congress St,Boston,Suffolk,MA,2210,America/New_York
f99f73f0-ddf8-4ad2-895c-cfe46a1d63c9,895 Broadway,Revere,Suffolk,MA,2151,America/New_York
670599bd-7fc2-4a85-87cc-06049700ae18,14 Corinth St,Boston,Suffolk,MA,2131,America/New_York
c5b3e942-ad9f-4195-83af-f63631dda969,4590 Washington St,Boston,Suffolk,MA,2131,America/New_York
240d6c83-533f-4e19-b4f3-aaf8569dc2c3,224 Tremont St,Boston,Suffolk,MA,2116,America/New_York
207dc650-4cff-42c9-ac4f-824e88109368,571 Tremont St,Boston,Suffolk,MA,2118,America/New_York
59e4871f-2244-4806-9df4-e9be03f20329,166 Canal St,Boston,Suffolk,MA,2114,America/New_York
2450bc52-5d54-4f63-9edb-34f5118409c0,92 Peterborough Street,Boston,Suffolk,MA,2215,America/New_York
fa583b56-ca4a-41ea-b94a-5e5ca5204d67,104 Hazelton St,Boston,Suffolk,MA,2126,America/New_York
5e2d2302-4bad-4682-b1da-abe478ce566e,155 Brighton Ave,Boston,Suffolk,MA,2134,America/New_York
8f301c96-ccce-4128-8ac5-866a998282a6,427 Faneuil St,Boston,Suffolk,MA,2135,America/New_York
99df36e1-907d-494b-bee4-97e485ef20b2,65 Salem Street,Boston,Suffolk,MA,2113,America/New_York
a678e7bd-7a65-4bc7-ba38-44ee8ddab074,271 Meridian St,Boston,Suffolk,MA,2128,America/New_York
3dcd99da-2083-4afc-932f-ddbdb1249a00,792 Washington St,Boston,Suffolk,MA,2124,America/New_York
50754770-149f-4dfd-802b-55cd71871864,215 Border St,Boston,Suffolk,MA,2128,America/New_York
5c9229b9-9418-4899-b82d-6a0ef3dec13d,462 Eastern Ave,Chelsea,Suffolk,MA,2150,America/New_York
f0ded2ce-38ef-42ce-8b1a-310e5ecb891f,226 Tremont St,Boston,Suffolk,MA,2116,America/New_York
e0739578-7834-44bd-8448-af1ae977ceef,280 Cambridge St,Boston,Suffolk,MA,2114,America/New_York
1543c722-3770-4950-b819-4698407f1557,500 Ocean Ave,Revere,Suffolk,MA,2151,America/New_York
bc382d82-f1a3-4e27-b23b-f07cdbe257c0,174 Squire Rd,Revere,Suffolk,MA,2151,America/New_York
72642361-c396-4e07-9b84-25c1b8d30aa3,218 Market St,Boston,Suffolk,MA,2135,America/New_York
0d1b004b-8508-41b4-92d7-7cfb82f22422,400 Brookline Ave,Boston,Suffolk,MA,2215,America/New_York
3568a1bf-06fe-4850-ad3d-ca6e59f0e442,81 Harvard Ave,Boston,Suffolk,MA,2134,America/New_York
9c51e201-6151-447b-8ab4-843790ce59e9,1166 Washington Street,Boston,Suffolk,MA,2118,America/New_York
a15e6876-ca7c-4792-b109-b666e74ebbdc,20 Custom House St,Boston,Suffolk,MA,2110,America/New_York
4497abbd-de89-4aef-b359-1e91dfb6fd28,145 Dartmouth St,Boston,Suffolk,MA,2116,America/New_York
628f4c0e-f1ed-4890-9476-b3038a9c740e,333 Border St,Boston,Suffolk,MA,2128,America/New_York
c5c2938b-46ff-4deb-87d1-2dd8327695c3,288 Cambridge Street,Boston,Suffolk,MA,2114,America/New_York
070093a6-0dc5-48f8-b613-6a32e557600e,1528 Tremont Street,Boston,Suffolk,MA,2120,America/New_York
f6eaa820-19c7-4087-abbd-01950f1aa8e8,16 Derne St,Boston,Suffolk,MA,2114,America/New_York
5a1a067a-11cb-45cb-874c-99f868d9198a,168 Cambridge Street,Boston,Suffolk,MA,2114,America/New_York
0342bba8-52a5-4957-a1da-f68c90d47c80,133 Guest St,Boston,Suffolk,MA,2135,America/New_York
cd202d43-6e08-4dab-9963-e7c6d6fb2bf3,186 Tremont St,Boston,Suffolk,MA,2116,America/New_York
cfd66561-dccc-4956-b975-0f7cb29d3009,388 Broadway,Revere,Suffolk,MA,2151,America/New_York
9bd76c22-d038-415f-9716-636aa0fa2597,244 Meridian St,Boston,Suffolk,MA,2128,America/New_York
6646ca7f-acb9-45be-bcdb-f397937476c8,387 Chelsea St,Boston,Suffolk,MA,2128,America/New_York
b5376bac-abef-4ee2-8d96-500d2cbaa9cf,688 Columbia Rd,Boston,Suffolk,MA,2125,America/New_York
c8b0e99b-fe4e-4545-b21a-1c719c867593,"279 Newbury St # 2, 279 Newbury Street # 2",Boston,Suffolk,MA,2116,America/New_York
bd46a1e5-2c38-4350-a95f-1eaaf38b3d1b,166 Brighton Avenue,Boston,Suffolk,MA,2134,America/New_York
6083f27e-659a-4f34-a643-3e9298b6dcda,1143 Blue Hill Avenue,Boston,Suffolk,MA,2124,America/New_York
d8f2d625-485e-48bc-be51-9a5eaee720a4,37 Bowdoin Street,Boston,Suffolk,MA,2114,America/New_York
1395c2d1-dcd5-4906-95ee-23872bfa6207,164 Brighton Ave,Boston,Suffolk,MA,2134,America/New_York
10596ff7-2114-4a98-914c-41a89461c4de,225 Centre St,Boston,Suffolk,MA,2130,America/New_York
4fa6426e-0de8-49c9-b142-06414be628ea,133 Guest St,Boston,Suffolk,MA,2135,America/New_York
9ee4921a-c1ee-41d2-ad27-30ed71b6f543,1356 Dorchester Ave,Boston,Suffolk,MA,2122,America/New_York
6a5769e4-e2e1-43c9-b6d2-875e0bc72e83,7 Ellery St,Boston,Suffolk,MA,2127,America/New_York
556f4d49-a5ab-45bd-a0a4-65ac0b73811b,440 Atlantic Ave,Boston,Suffolk,MA,2110,America/New_York
f631cfe1-24ca-4596-8684-ed0b68372413,431 Boylston St,Boston,Suffolk,MA,2116,America/New_York
4e403bd9-e544-4685-ad04-98f3e146b6f2,111 Dartmouth St,Boston,Suffolk,MA,2116,America/New_York
bb2cbcba-0641-4db0-b2ac-cb87fd44c854,75 Meridian St,Boston,Suffolk,MA,2128,America/New_York
56e96aac-bd88-4853-9dd2-c2ee4ed39daf,256 Marginal St,Boston,Suffolk,MA,2128,America/New_York
5731b3c0-5109-40f1-b78a-d6fd11a76876,2360 Washington St,Boston,Suffolk,MA,2119,America/New_York
56f1b268-5700-474c-a16b-f6f762d3ee0b,682 Washington Street,Boston,Suffolk,MA,2111,America/New_York
3cb1069b-31d3-45da-ae5e-b02e00b5f861,38 Brooks St,Boston,Suffolk,MA,2135,America/New_York
a733e152-87fa-4fcd-87d2-792e0af662bb,3089 Washington St,Boston,Suffolk,MA,2119,America/New_York
5b85870c-bdc3-42a3-8ea7-ab4f549cbfaf,66 Hereford St,Boston,Suffolk,MA,2115,America/New_York
44952cd6-b0b0-4de9-a19f-24c19fbaf575,181 Newbury St,Boston,Suffolk,MA,2116,America/New_York
55c8cbf6-92ff-4f47-8657-419aad950e13,224 Winthrop St,Winthrop,Suffolk,MA,2152,America/New_York
1f10172b-2599-4225-98ad-8d3f0a76bd1f,1 Brighton Ave,Boston,Suffolk,MA,2134,America/New_York
65b88c6c-a5fc-4fbc-ae57-866fbcba44ac,58 Harvard Ave,Boston,Suffolk,MA,2134,America/New_York
70f9029f-dc81-4f7e-9701-4e479b657cc6,2 Brighton Ave,Boston,Suffolk,MA,2134,America/New_York
06b5a7d4-827d-4384-a32b-2677a2a32f6c,154 Green St,Boston,Suffolk,MA,2130,America/New_York
3b1095c8-bb32-4c6c-86a6-0f95bcb9e756,280 Cambridge St,Boston,Suffolk,MA,2114,America/New_York
2b852f4e-ef6f-4646-854a-2bc2eb6e1c13,357 Washington Ave,Chelsea,Suffolk,MA,2150,America/New_York
fc61281a-2ba9-41a8-9b08-3dfc1ca4d1da,3141 Washington St,Boston,Suffolk,MA,2130,America/New_York
1c927024-ee74-44b4-8e9c-b838c21ad158,289 Causeway Street,Boston,Suffolk,MA,2114,America/New_York
31d22d36-a3d0-4a85-80b1-d5446f97f11a,122 Harvard Ave,Boston,Suffolk,MA,2134,America/New_York
e4d9e1db-a1c9-4e37-8751-56a0f90d3080,44 Charles Street,Boston,Suffolk,MA,2108,America/New_York
3c884a93-2032-41cb-a226-74efe2bb4d83,241 Market St,Boston,Suffolk,MA,2135,America/New_York
1c49a479-68de-49de-ac9f-3a6072bb5a0e,3696 Washington St,Boston,Suffolk,MA,2130,America/New_York
4df26bd7-ff20-4952-880f-ed11716b7600,12 Church Street,Boston,Suffolk,MA,2116,America/New_York
e8a79143-1df3-45f4-baea-15297df580d5,20b Tyler St,Boston,Suffolk,MA,2111,America/New_York
563b1ae3-585b-4874-9290-ea5b79eb7981,144 Tremont St,Boston,Suffolk,MA,2111,America/New_York
9ad7031d-bba8-4310-849c-842910decf2a,20 Kilmarnock St,Boston,Suffolk,MA,2215,America/New_York
a3e56e7e-89dd-41da-812b-9a8f855d2d51,100 Holton St bay 4,Boston,Suffolk,MA,2135,America/New_York
5871cf68-bcf9-4238-a7b0-f74b2a5d15d4,707 Centre Street,Boston,Suffolk,MA,2130,America/New_York
a542b0a5-cf31-4cea-871e-d2fb77e1da5a,1 8th St,Boston,Suffolk,MA,2129,America/New_York
3edca934-a3bf-4c6a-b911-a4cb98fd9dc3,1 Union St,Boston,Suffolk,MA,2108,America/New_York
c0b59dd3-ab7a-425b-950b-35d3445fd44a,3698 Washington St,Boston,Suffolk,MA,2130,America/New_York
900416a9-deca-4e71-8b1c-5f418dcf3f4e,33 Stanhope St,Boston,Suffolk,MA,2116,America/New_York
2e470590-7d62-45e2-86e6-0eb47d0c8df1,220 Northern Ave,Boston,Suffolk,MA,2210,America/New_York
0ff334ff-3924-4a1e-ba4d-25f556803f68,256 Washington St,Boston,Suffolk,MA,2135,America/New_York
2ac01771-f9f8-4462-baab-546c1c1bd57e,100 Northern Ave,Boston,Suffolk,MA,2210,America/New_York
748554d1-2792-477f-ab02-63f8e75232bb,280 Cambridge St,Boston,Suffolk,MA,2114,America/New_York
3e6cd7bc-970c-4d38-bcad-304b90f660b0,99 Salem Street,Boston,Suffolk,MA,2113,America/New_York
96456f3b-f9f2-40b7-bc9e-31e79e44d283,584 Tremont Street,Boston,Suffolk,MA,2118,America/New_York
31e8ff84-4cca-4593-8ef3-72b31579b5f7,178 Kneeland Street,Boston,Suffolk,MA,2111,America/New_York
78c42fa2-ab7e-4ca8-941d-2261f8abed20,333 Hanover St,Boston,Suffolk,MA,2113,America/New_York
8679fbb6-48c8-4593-a731-745a6bc47ace,44 Maverick Square,Boston,Suffolk,MA,2128,America/New_York
0d90c518-f700-4ef1-bc45-f65fd0f14def,52 Summer Street,Boston,Suffolk,MA,2110,America/New_York
0aadf06a-0dee-4499-abae-9512aaa5ecf5,175 Massachusetts Ave,Boston,Suffolk,MA,2115,America/New_York
1f3af571-45ed-4e87-8bd0-3c33822d6f6d,85 Newbury Street,Boston,Suffolk,MA,2116,America/New_York
de13d5fe-9e9d-436c-9719-46122ff65ac3,63 Main St,Winthrop,Suffolk,MA,2152,America/New_York
4d68f3d9-842d-4662-a5c0-075932e1a393,151 Hanover St,Boston,Suffolk,MA,2109,America/New_York
31ccb64f-b1b5-4ad1-9725-104d7d72bfad,78 Salem St,Boston,Suffolk,MA,2113,America/New_York
a69e822f-2b44-4c7a-97c7-3fb8b3fe3b79,745 Atlantic Ave,Boston,Suffolk,MA,2111,America/New_York
fd327cb3-3e98-475b-8ec3-b9c348997f68,252 Friend St,Boston,Suffolk,MA,2114,America/New_York
4991687f-968b-44ab-9950-a68e7d5956df,305 Huntington Ave,Boston,Suffolk,MA,2115,America/New_York
71e26644-3d50-49f1-b84f-827b12930259,700 Atlantic Ave,Boston,Suffolk,MA,2205,America/New_York
1232f958-c37f-4945-8e3a-6f081259b99c,64 Revere Beach Blvd,Revere,Suffolk,MA,2151,America/New_York
b1938bc5-e1e6-4094-a19f-edd91d28d516,23 Drydock Ave,Boston,Suffolk,MA,2210,America/New_York
dea3f635-5f5e-4052-be5d-fc91b8bd3228,557 Boylston St,Boston,Suffolk,MA,2116,America/New_York
b7600e0d-2ce1-4004-ba88-440f3d0fb46a,28 Harrison Ave,Boston,Suffolk,MA,2111,America/New_York
60fdc2d6-9c57-460b-a888-38f446883754,35 W Newton St,Boston,Suffolk,MA,2118,America/New_York
4eb04d5a-1220-4e8c-af2a-8f86afd686fe,1331 Dorchester Ave,Boston,Suffolk,MA,2122,America/New_York
5d61a2ec-4f5a-4589-adf4-40d1801ae76e,20 Maverick Square,Boston,Suffolk,MA,2128,America/New_York
7fcb35d4-6735-484c-ad43-8a608c5d3daf,5268 Washington Street,Boston,Suffolk,MA,2132,America/New_York
137aa9a2-30c3-4ffa-8e78-24f994480ae3,78 Arlington Ave,Boston,Suffolk,MA,2129,America/New_York
36a4682a-6a63-4eaa-be90-c843988a0102,125 Harvard Ave,Boston,Suffolk,MA,2134,America/New_York
0c838ba0-c6f2-41a1-a0e5-df753af083dc,160 Norfolk St,Boston,Suffolk,MA,2124,America/New_York
85924657-c5bb-4357-8045-83cbeff7c385,150 Huntington Ave,Boston,Suffolk,MA,2115,America/New_York
e3240bb2-69d2-4124-93ae-c9e2630aa0cb,57 Revere St,Winthrop,Suffolk,MA,2152,America/New_York
15930183-95eb-4566-a67d-7385c823d709,75 Arlington St,Boston,Suffolk,MA,2116,America/New_York
25430e49-fe9f-4afa-bc1f-0e9490fb7128,552 Tremont Street,Boston,Suffolk,MA,2118,America/New_York
b9e6a466-7d45-41fa-b978-515e4dfd8bc2,1100 Boylston Street,Boston,Suffolk,MA,2215,America/New_York
c9afd2d8-2b75-433c-832f-005ec68d172f,11 Parmenter St,Boston,Suffolk,MA,2113,America/New_York
9165327d-9ce2-4420-9d21-56c1d0bb7223,1625 Tremont St,Roxbury Crossing,Suffolk,MA,2120,America/New_York
93907857-005b-4c2f-bdce-eac2fd61f935,1092 Commonwealth Avenue,Boston,Suffolk,MA,2215,America/New_York
0b68ebbf-e70a-41b5-84ad-48fe3dd50d07,522 River St,Boston,Suffolk,MA,2126,America/New_York
c755de9b-9d55-4bcb-acb6-48b376ff2593,629 Winthrop Ave,Revere,Suffolk,MA,2151,America/New_York
34d484b6-17bd-4677-89d3-0ff1c85a66f8,"5 N Beacon St, 5 North Beacon Street",Boston,Suffolk,MA,2134,America/New_York
578674e3-e988-4898-a5c3-7d20bb4832b1,14 Bromfield Street,Boston,Suffolk,MA,2108,America/New_York
495f5768-45ef-4b46-bd01-b42cd8c10b87,141 Pearl St,Boston,Suffolk,MA,2110,America/New_York
5a186159-94f4-4e2c-a710-f2da9fb18465,91 Centennial Ave,Revere,Suffolk,MA,2151,America/New_York
36d12706-6c2c-4513-a121-47047818e41c,957 Commonwealth Avenue,Boston,Suffolk,MA,2215,America/New_York
5328b5f8-2d04-4e58-96a4-8c0a8e2bdc31,333 Centre St,Boston,Suffolk,MA,2130,America/New_York
79812d7a-2c6a-4861-bbdc-a1e5217656ca,3 Appleton Street,Boston,Suffolk,MA,2116,America/New_York
bf270e31-f134-49bf-bc25-8b6d4cb4b032,395 Washington St,Boston,Suffolk,MA,2135,America/New_York
9087fd3b-1052-4f3a-91e0-3a75914febd5,129 Jersey St,Boston,Suffolk,MA,2215,America/New_York
de91ca49-fe1b-4c3b-bfaa-b65faf513d7a,27 Harbor Point Blvd,Boston,Suffolk,MA,2125,America/New_York
0bdf06b6-f9ea-4d35-952b-04b6b666c160,173 Massachusetts Ave,Boston,Suffolk,MA,2115,America/New_York
b253c76f-2f63-4e89-93fd-b15388683dab,14 Tremont St,Boston,Suffolk,MA,2135,America/New_York
a2b1de43-8afd-40d2-a229-f78a9cea671b,5 Fairmount Ave,Boston,Suffolk,MA,2136,America/New_York
2fa27841-d168-4a02-aff8-e01188baccbd,8 Central Ave,Chelsea,Suffolk,MA,2150,America/New_York
3b38a7bb-ec80-404f-907d-95721626c799,306 Revere St,Revere,Suffolk,MA,2151,America/New_York
4bbe57a7-65b3-4a6a-929b-de0ab319205f,19 Bennington St,Boston,Suffolk,MA,2128,America/New_York
7978b3dc-31b3-4c6d-ad67-82c6214b99b4,11 P St,Boston,Suffolk,MA,2127,America/New_York
615947f5-c1f8-45d2-8d64-e794735c0a8f,94 Peterborough St,Boston,Suffolk,MA,2215,America/New_York
f821f7c4-ad23-4f0b-b3ef-360048864357,578 Tremont Street,Boston,Suffolk,MA,2118,America/New_York
9cf444e7-d4b7-4434-baf4-2001d0b7bc38,8 Kneeland St,Boston,Suffolk,MA,2111,America/New_York
b9cd7d0b-438b-4e5e-9f02-24ba989c8504,1290 Blue Hill Avenue,Boston,Suffolk,MA,2126,America/New_York
09dafd9d-aa89-4452-a157-7be620a87617,86 Cottage St,Boston,Suffolk,MA,2128,America/New_York
c1f25c2f-fc47-49fa-bf67-cb88a0055808,19 Edinboro St,Boston,Suffolk,MA,2111,America/New_York
8f85946f-4104-4838-9efb-413046faabd5,160 Chestnut Hill Ave,Boston,Suffolk,MA,2135,America/New_York
c73bb279-88da-4337-b290-50efccb95c02,1064 River St,Boston,Suffolk,MA,2136,America/New_York
787da63d-e842-458d-a2c5-4448d60426ac,88 Peterborough St,Boston,Suffolk,MA,2215,America/New_York
8eb4d254-184a-40e7-96d5-9fb8a76e778b,"1430 VFW Pkwy, 1430 Veterans of Foreign Wars Parkway",Boston,Suffolk,MA,2132,America/New_York
67307112-0521-47d5-9d79-0585dde80ac5,84 Summer Street,Boston,Suffolk,MA,2110,America/New_York
65c22dc8-fe37-4ac6-8653-a4410b808359,50 Northern Avenue,Boston,Suffolk,MA,2210,America/New_York
28304fea-42df-4087-a5e3-80fdff34eb9f,208 Dudley St,Boston,Suffolk,MA,2119,America/New_York
4f32c8cc-0f05-46eb-87e3-0b262581bec6,20 Ericsson St,Boston,Suffolk,MA,2122,America/New_York
6b300ded-50bb-430c-80f7-de5dbf5a618b,25 School St,Boston,Suffolk,MA,2108,America/New_York
09a85e53-efe6-4017-8474-0e963c64e9ce,1014 Revere Beach Pkwy,Chelsea,Suffolk,MA,2150,America/New_York
38406d91-c1f1-4362-af6b-29b5ab5a864a,334 Massachusetts Ave,Boston,Suffolk,MA,2115,America/New_York
695c0153-84ad-47b6-ab74-9918737c5d2c,343 Congress St,Boston,Suffolk,MA,2210,America/New_York
7d1fae2d-e1b5-498f-9519-72127dbc7b0d,547 Washington Street,Boston,Suffolk,MA,2135,America/New_York
94c3c29d-4e89-43d6-a7ff-fadd5cc73f94,Boston Transit,Boston,Suffolk,MA,2108,America/New_York
1816e22d-d749-4af6-88b5-d14dbd465885,800 Boylston St,Boston,Suffolk,MA,2199,America/New_York
322896de-8d66-4578-ac17-8a9ff90429ce,53 Boston Wharf Rd,Boston,Suffolk,MA,2210,America/New_York
60d52676-bfcd-48e1-8516-4423984cce16,52 Gainsborough St,Boston,Suffolk,MA,2115,America/New_York
8f09c994-a1c6-4245-a251-0d77e57da947,132 Brookline Ave,Boston,Suffolk,MA,2215,America/New_York
59e49313-5771-4e04-bf4d-302d6897dc8b,50 Gainsborough St,Boston,Suffolk,MA,2115,America/New_York
2469e07a-19d7-4ef3-ad61-e94f8a34dd0b,58 Beach St,Boston,Suffolk,MA,2111,America/New_York
f2d83647-c15e-4740-843c-6b0fc14b2556,1260 Boylston St,Boston,Suffolk,MA,2215,America/New_York
5e580893-b777-4952-846c-82b7f6a7aeac,8 Park Plaza,Boston,Suffolk,MA,2116,America/New_York
5a76581b-4098-4dac-94fb-d3536b44142b,627 Commonwealth Avenue,Boston,Suffolk,MA,2215,America/New_York
7debf10a-1310-4a4f-83ca-12a46d729b9f,702 Washington St,Boston,Suffolk,MA,2111,America/New_York
83fa0f3c-c961-4511-9b79-d38223e6b6da,15 Francis St,Boston,Suffolk,MA,2115,America/New_York
3a7aa8f3-3148-4aaf-8a34-85b2f222fd56,220 Clarendon St,Boston,Suffolk,MA,2116,America/New_York
60c38922-2957-405d-aa95-7d309adc483f,192 Sumner St,Boston,Suffolk,MA,2128,America/New_York
9e6ad36c-11ef-4a2d-b82b-d4c5a84157a3,532 Washington St,Boston,Suffolk,MA,2124,America/New_York
f10be0fd-b599-4eba-b632-2aa95c95c392,147 E Berkeley St,Boston,Suffolk,MA,2118,America/New_York
27968dff-19df-4cf8-9e53-b6ad9a8ced07,1210 Blue Hill Avenue,Boston,Suffolk,MA,2126,America/New_York
d53dd0c3-1420-4b1e-acd8-a544f9c34b72,339 Squire Rd,Revere,Suffolk,MA,2151,America/New_York
3fa9c71c-0eb6-4e2c-aa75-fe072a491bc6,279 Newbury St,Boston,Suffolk,MA,2116,America/New_York
7d4b5ad6-65dd-40ce-b1b6-0a386c279ec0,1098 Commonwealth Avenue,Boston,Suffolk,MA,2134,America/New_York
5a348862-f5ce-4b63-89a1-876e8df08cd0,28 W Broadway,Boston,Suffolk,MA,2127,America/New_York
a0aade65-5440-45b5-82d5-b40f3f6f77ef,55 Boston Wharf Rd,Boston,Suffolk,MA,2210,America/New_York
17b9ffa2-3453-46d2-9992-893086696384,1960 Beacon Street,Boston,Suffolk,MA,2135,America/New_York
76d8f87a-c94f-473c-bdba-5b481491d58f,11 Beacon Street,Boston,Suffolk,MA,2108,America/New_York
9cd0c220-134b-458b-88a8-eebb85053c7d,48 Corinth St,Boston,Suffolk,MA,2131,America/New_York
2eb9a9e1-3a6e-454f-aebf-7cb9185517f8,45 Gainsborough Street,Boston,Suffolk,MA,2115,America/New_York
f8885c83-6db2-41e4-b680-ec7ecfba5904,"111 Huntington Avenue, 800 Boylston St",Boston,Suffolk,MA,2199,America/New_York
517b47e0-7f85-4085-934f-88c7db9a3a1b,889A Dorchester Ave,Boston,Suffolk,MA,2125,America/New_York
1e5a642d-c91d-4ead-bc6d-8c4d57d915f6,613 E Broadway,Boston,Suffolk,MA,2127,America/New_York
9697efc7-22b9-4133-9c05-164b968f6c4a,863 Washington St,Boston,Suffolk,MA,2124,America/New_York
add3cb59-f74a-4e24-bc8f-2ecda3232b42,225 Newbury St,Boston,Suffolk,MA,2116,America/New_York
b82cae08-3e8f-4ff9-9b58-4c29c63649a8,100 Hanover St,Boston,Suffolk,MA,2108,America/New_York
a275cec7-80f8-45cf-a171-b2b1ffacf193,714 Commonwealth Avenue,Boston,Suffolk,MA,2215,America/New_York
6a773ec6-5d2a-4b5a-8248-244935fa4984,379 Hanover St,Boston,Suffolk,MA,2113,America/New_York
f48485bc-8875-4cdb-8246-74c5f31b0fe9,1410 Centre St,Boston,Suffolk,MA,2131,America/New_York
d829b62b-0d14-4d73-8cc9-91acdd2b4be5,1514 Tremont Street,Boston,Suffolk,MA,2120,America/New_York
bbcc325e-4c7e-42cc-b1ae-c2ad6a7db134,131 Dartmouth Street,Boston,Suffolk,MA,2116,America/New_York
7268701a-024d-4c78-8a70-07ee96aee18f,1111 Dorchester Avenue,Boston,Suffolk,MA,2125,America/New_York
10d7f4bf-b6fa-4c28-bdec-1436f3af4e33,114 16th St,Boston,Suffolk,MA,2129,America/New_York
f6364020-f91e-47e4-a32a-3fe60f94b09d,279 Newbury St,Boston,Suffolk,MA,2116,America/New_York
be995a3b-b960-4d5b-9505-d6ca9e17891d,1894 Centre St,Boston,Suffolk,MA,2132,America/New_York
668aba34-7f81-40a9-9fa6-10788dbd306e,356 Chestnut Hill Ave,Boston,Suffolk,MA,2135,America/New_York
5b4e74e6-d84b-47ea-8289-ce180d7db016,96 Peterborough St,Boston,Suffolk,MA,2215,America/New_York
ac7ca55d-bbe0-48be-9a4a-af96a0de15f4,618 Shawmut Ave,Boston,Suffolk,MA,2118,America/New_York
c0fc47e2-5eb3-4c57-83da-7fc527c40e7d,69 Salem St,Boston,Suffolk,MA,2113,America/New_York
9a750108-2088-40d6-9e61-b86f18e52b40,419 Baker St,Boston,Suffolk,MA,2132,America/New_York
f8281833-6a58-4771-8619-0267791bf8d6,280 Washington St,Boston,Suffolk,MA,2108,America/New_York
69ab61d2-71d2-43ba-a6fc-1de5b6754d5c,209 Columbus Ave,Boston,Suffolk,MA,2116,America/New_York
0e4d3059-7e4b-4752-8a22-110ae5130bb0,50 Woodland Rd,Revere,Suffolk,MA,2151,America/New_York
c75d9844-3e6d-4eca-ab13-84938ba96440,1296 Blue Hill Avenue,Boston,Suffolk,MA,2126,America/New_York
e3c8c496-e661-46d6-bbe7-3303bd61dfa7,125 Summer St,Boston,Suffolk,MA,2111,America/New_York
473082da-b658-42c3-bdb5-11058802f2b4,1282 Boylston St,Boston,Suffolk,MA,2215,America/New_York
c38e3e22-9987-4d2d-a4f0-de136d1ff104,1433 Dorchester Ave,Boston,Suffolk,MA,2122,America/New_York
80c9bdd5-c1d4-4b23-a272-d550df242c59,172 Brighton Ave,Boston,Suffolk,MA,2134,America/New_York
9feaca2f-6651-46fd-a503-5503a91e2753,435 Faneuil Street,Boston,Suffolk,MA,2135,America/New_York
cc39717a-0348-4028-8cc7-161259ff46a5,194 Harvard Ave,Boston,Suffolk,MA,2134,America/New_York
b218b220-887a-4116-9b4f-e9b8abf4d351,381 Centre St,Boston,Suffolk,MA,2130,America/New_York
a62cf0d7-f6d0-4c3c-ba6d-41932474eba6,334 Belgrade Ave,Boston,Suffolk,MA,2132,America/New_York
ba12f938-98ed-4186-9fb9-1aa77af44f3e,100 Hanover St,Boston,Suffolk,MA,2108,America/New_York
5a90ba5d-f150-4a45-8eb3-8076519285ca,179 Washington St,Boston,Suffolk,MA,2121,America/New_York
8145a71d-7264-4760-82dc-d76a782e31ba,351 Washington St,Boston,Suffolk,MA,2135,America/New_York
847fd487-b1ee-4b7f-90ac-a850c1decc87,1501 Dorchester Ave,Boston,Suffolk,MA,2122,America/New_York
db41d863-8910-4bf9-ba1d-0edb181afc7e,361 Hanover St,Boston,Suffolk,MA,2113,America/New_York
0c3a123c-044d-4ef6-926a-df90b057deaf,3 N Square,Boston,Suffolk,MA,2113,America/New_York
f49aa1c0-0d04-4d8e-958d-bee9b00af19f,2 Perkins Street,Boston,Suffolk,MA,2130,America/New_York
89064e5c-054a-4757-b5d4-f851ddfbac44,396 Hanover St,Boston,Suffolk,MA,2113,America/New_York
0a80be46-10f3-439c-b331-8f80390d23b5,285 Hanover St,Boston,Suffolk,MA,2113,America/New_York
6cd70d18-e308-43f2-8ae3-de192b8c40ba,326 Commercial Street,Boston,Suffolk,MA,2109,America/New_York
240240c9-52a3-4ae1-906a-8e69aba23b27,142 Berkeley St,Boston,Suffolk,MA,2116,America/New_York
7a1604f1-36c3-425b-86ac-e5faca354aa9,100 City Hall Square,Boston,Suffolk,MA,2108,America/New_York
2c9532fa-ec84-414b-a124-e4f82b08f0a1,"Life, 2003, 171 Brighton Ave",Boston,Suffolk,MA,2134,America/New_York
fa01b37b-9082-472e-9e98-97d9289958f1,101 Summer St,Boston,Suffolk,MA,2110,America/New_York
2e837190-ec36-4b9d-af89-9feb5d36ff4e,695 Washington St,Boston,Suffolk,MA,2116,America/New_York
2b51f598-16f8-4ad9-894a-e034b9515b24,3698 Washington St,Boston,Suffolk,MA,2130,America/New_York
379a5bdf-18da-4bad-8b80-9828eca0a922,82 Summer St,Boston,Suffolk,MA,2110,America/New_York
58824223-3b72-46cd-ae04-71c4c1a07314,1000 Bennington St,Boston,Suffolk,MA,2128,America/New_York
a629bb23-7581-43e5-84ce-087d9d8050d3,1010 W Roxbury Pkwy,Chestnut Hill,Suffolk,MA,2467,America/New_York
53e17952-9683-4a0e-8d5c-839316f5760b,184 High Street,Boston,Suffolk,MA,2110,America/New_York
51d5a417-0004-4166-aa26-32dfddd1314f,55 Temple Pl,Boston,Suffolk,MA,2111,America/New_York
25fda9a1-f2c9-43b6-9854-ff068da69437,705 Massachusetts Ave,Boston,Suffolk,MA,2118,America/New_York
d7cf2a50-5c84-43b0-bf28-f9d5142b1877,6 Maple St,Boston,Suffolk,MA,2136,America/New_York
f71c5cae-5e7e-4ac6-b060-4014a0a8208f,60 Long Wharf,Boston,Suffolk,MA,2110,America/New_York
3e7e84c0-e1be-429b-9842-4e74325cb3e1,1B Charles St.,Boston,Suffolk,MA,2114,America/New_York
09fe7ec0-9130-42c1-a0bb-0551810ca1c9,1651 Washington St,Boston,Suffolk,MA,2118,America/New_York
3ccc74b0-6b79-42ce-b1e2-19e5b11b6ec3,100 Huntington Ave,Boston,Suffolk,MA,2116,America/New_York
a4a46f58-103b-4b32-bb5d-7f478caf5753,911 Boylston St,Boston,Suffolk,MA,2115,America/New_York
faae18fc-0eca-43ed-ab2a-6092432367c5,5 Tyler St,Boston,Suffolk,MA,2111,America/New_York
d8a82606-b699-4463-878d-a6b13dad99db,350 Longwood Ave,Boston,Suffolk,MA,2215,America/New_York
53403e6b-4699-47ea-9cb3-bdbcd7415dd3,1420 Centre St,Boston,Suffolk,MA,2131,America/New_York
8f50c7b4-b28b-4506-a335-989224773e7e,31 India St,Boston,Suffolk,MA,2110,America/New_York
00331717-ce82-4945-ba4c-090f032ff0ab,1312 Commonwealth Avenue,Boston,Suffolk,MA,2134,America/New_York
262d15eb-6ca7-4425-97bb-6d4b6a5dae8a,33 Broad St,Boston,Suffolk,MA,2109,America/New_York
d81d902a-9668-4832-87be-d95b0cd01560,270 Adams St,Boston,Suffolk,MA,2122,America/New_York
ae5c53df-09fb-41a8-bd9f-57ade270b7ad,1744 Washington Street,Boston,Suffolk,MA,2118,America/New_York
fd90e51b-dbd6-4679-a98d-b98051092bb5,13 Meridian St,Boston,Suffolk,MA,2128,America/New_York
2c94538b-6f72-4aa9-9dfa-7782305b2ae1,264 Hanover St,Boston,Suffolk,MA,2113,America/New_York
8637ced1-efc9-4402-8241-af6d53af034b,251 Main St,Boston,Suffolk,MA,2129,America/New_York
d958599a-31be-4a4d-9c5c-88bafc686a07,82 Water Street,Boston,Suffolk,MA,2109,America/New_York
cce1703f-dcc7-4877-8196-a41b9fc9cb9e,237 Newbury St,Boston,Suffolk,MA,2116,America/New_York
77f8f26d-246f-4919-a37b-40e0d49b8cb6,168 Washington Ave,Chelsea,Suffolk,MA,2150,America/New_York
61333f6e-7772-4b5f-bcc6-904a87f5e3d5,1277 River St,Boston,Suffolk,MA,2136,America/New_York
0bd86b48-f6e4-44f6-88fc-4ef2edf7e233,"1 N Beacon St, 1 North Beacon Street",Boston,Suffolk,MA,2134,America/New_York
309faceb-e425-4d71-9fc0-706db785a461,10 Beacon St,Boston,Suffolk,MA,2108,America/New_York
f861c2e0-5307-4026-8af1-f86571ff939c,261 Newbury Street,Boston,Suffolk,MA,2116,America/New_York
d26a9eba-45ed-41b8-993b-957e4f51f88b,198 Adams St,Boston,Suffolk,MA,2122,America/New_York
63142da1-ea9e-40e9-afe6-00057b3b9f6f,998 Blue Hill Avenue,Boston,Suffolk,MA,2124,America/New_York
c74356fa-3bd9-4632-b0ba-0b1f679d3553,1033 Commonwealth Avenue,Boston,Suffolk,MA,2215,America/New_York
c240f844-85eb-47bf-a07f-e85fba84b03d,1906 Centre St,Boston,Suffolk,MA,2132,America/New_York
867ee6bb-199f-4d68-82fe-54935dbb96bb,40 Dalton St,Boston,Suffolk,MA,2115,America/New_York
4b415a32-2683-4332-8af1-665f6d42e800,7 Beach St,Boston,Suffolk,MA,2111,America/New_York
ae2242ef-69aa-482a-ab87-60ec490b331c,139 Park St,Chelsea,Suffolk,MA,2150,America/New_York
aa59d4f3-cc5d-4044-ac34-6ee93ee8b078,140 Broadway,Chelsea,Suffolk,MA,2150,America/New_York
5c40a945-e0a0-4e24-bcac-6374724f8609,305 Meridian St,Boston,Suffolk,MA,2128,America/New_York
db35b486-e519-46aa-87eb-55994a5dc8cc,359 West Broadway,Boston,Suffolk,MA,2127,America/New_York
554a6cfd-a99b-44e6-af0d-025effcd99e6,99 Kneeland St,Boston,Suffolk,MA,2111,America/New_York
fcf1e56b-8901-4aac-8c16-1132005a214c,487 Cambridge Street,Boston,Suffolk,MA,2134,America/New_York
81c21957-de88-4752-9d9d-f7dad3c713bc,50 Revere St,Revere,Suffolk,MA,2151,America/New_York
6ef89ce1-ef95-42eb-a434-11cdc4071b49,445 Hanover St,Boston,Suffolk,MA,2109,America/New_York
f9d76946-4103-4a39-a9dc-3f2757da29b6,156 Blue Hill Avenue,Boston,Suffolk,MA,2119,America/New_York
452a11e4-7fc0-402c-9b52-5aadcc296d23,31 St James Ave,Boston,Suffolk,MA,2116,America/New_York
ebe887e0-5971-49f8-a3ac-b5cbb3406173,51 Massachusetts Ave,Boston,Suffolk,MA,2115,America/New_York
8daa713f-1eff-4bea-a86a-9b9c02769466,210 Hanover St,Boston,Suffolk,MA,2113,America/New_York
0e96c5a9-d5e2-443a-b534-8ec554aa9b9e,290 Bennington St,Boston,Suffolk,MA,2128,America/New_York
945e429b-4d7c-47bf-925a-4063e15b4cfb,182 Massachusetts Ave,Boston,Suffolk,MA,2115,America/New_York
545a2aed-705f-4a34-9af6-30b7eaea41c8,278 Shawmut Avenue,Boston,Suffolk,MA,2118,America/New_York
5626067c-563b-4726-994d-20401f44a457,333 Huntington Avenue,Boston,Suffolk,MA,2115,America/New_York
b0686de3-aef7-4b6c-aab1-3b362ec4007a,31 Harrison Ave,Boston,Suffolk,MA,2111,America/New_York
38f7b95e-fba7-40b3-ac4c-3fbb2099e039,1509 Blue Hill Avenue.,Boston,Suffolk,MA,2126,America/New_York
9449c491-402d-464e-840d-e85dfb034942,412 W Broadway,Boston,Suffolk,MA,2127,America/New_York
a6835afe-514c-4279-9f9f-b5fd1876b699,7 Liberty Square,Boston,Suffolk,MA,2109,America/New_York
0164d1ef-f426-4abd-9aa9-bc0b656130e3,377 Centre St,Boston,Suffolk,MA,2130,America/New_York
0952888e-0e88-4e7a-ae24-4a1a60c8cec7,130 Dorchester Ave,Boston,Suffolk,MA,2127,America/New_York
8c09cf49-c6a2-4ec3-b6a9-3396b0811343,290 Bennington St,Boston,Suffolk,MA,2128,America/New_York
dd9a7c78-ee3d-4831-9efb-292b7953f23c,447 Broadway,Chelsea,Suffolk,MA,2149,America/New_York
46b3ef36-52ea-4fc1-bd53-d1e4dab22298,108 Brighton Avenue,Boston,Suffolk,MA,2134,America/New_York
312be15d-2d16-41d4-b786-216a35e8e1b0,389 Maverick St,Boston,Suffolk,MA,2128,America/New_York
e3f65863-2a82-44da-ae5c-e72e168a51c5,973 Commonwealth Avenue,Boston,Suffolk,MA,2215,America/New_York
49b6b78b-247d-4d53-bf34-dd567f16c2bf,535 Columbia Rd,Boston,Suffolk,MA,2125,America/New_York
ff12bbcd-a348-4a21-a664-dc5710675a5f,70 Staniford St,Boston,Suffolk,MA,2114,America/New_York
c1ff5093-b354-4a9d-9224-a6eb538420e2,958 TREMONT ST,Boston,Suffolk,MA,2120,America/New_York
b3b1f449-db94-4376-a386-65fb187a7cc9,112 State St,Boston,Suffolk,MA,2109,America/New_York
7dbe0bed-30d2-44b8-9cb9-309256fd9449,140 Boylston St,Boston,Suffolk,MA,2116,America/New_York
b7418ce4-8210-4542-bf23-8ddad45ff3b3,830 Blue Hill Avenue,Boston,Suffolk,MA,2124,America/New_York
5c11f12c-eaf6-431a-b20f-d43e183d9c92,"Avenue One, Hyatt, 1 Ave de Lafayette",Boston,Suffolk,MA,2111,America/New_York
8b220032-3705-4ee4-8a16-cfd49183d132,1562 Tremont St,Boston,Suffolk,MA,2120,America/New_York
7559787a-1e03-45e7-8dd9-a0c65c8c3ce4,327 Newbury St,Boston,Suffolk,MA,2115,America/New_York
a07a8fba-35b1-406c-bb88-a43dd6dcc507,777 William T Morrissey Blvd,Boston,Suffolk,MA,2122,America/New_York
9ae0aea6-1ddf-4d2f-b19c-90a4697ea89e,222 Friend St,Boston,Suffolk,MA,2114,America/New_York
4836ceaa-7991-4bf0-9d17-e5366caf541e,265 Massachusetts Ave,Boston,Suffolk,MA,2115,America/New_York
2d2c94bb-6cc0-4dce-a1da-1dc916f6916d,291 Roxbury St,Boston,Suffolk,MA,2119,America/New_York
1e8c55dc-48f6-4ba7-9aaa-70b4f93edf36,661 Warren St,Boston,Suffolk,MA,2121,America/New_York
be12a864-26b9-4ad8-96db-3b74dabda2f2,4337-4341 Washington St,Boston,Suffolk,MA,2131,America/New_York
2aab99e5-4cf2-4020-8126-304482ec259a,665 Washington St,Boston,Suffolk,MA,2116,America/New_York
4eade779-5680-45ce-9d09-c68a0f167922,92 Washington Ave,Chelsea,Suffolk,MA,2150,America/New_York
b9ed431f-3731-4a46-a957-7589a53f081f,62 Summer St,Boston,Suffolk,MA,2110,America/New_York
500e55cb-f0a7-4af3-b541-0f1b29b1ceb0,425 Revere Beach Blvd,Revere,Suffolk,MA,2151,America/New_York
9a8ca7dc-b1bf-4f2c-a8af-fa2d825c3d86,417 Washington St,Boston,Suffolk,MA,2110,America/New_York
613e87df-d3d5-4689-a654-2cea3f6a0aba,59 Meridian St,Boston,Suffolk,MA,2128,America/New_York
925fb6a9-f75e-4757-834c-1fb912e4c9aa,264 Hyde Park Ave,Boston,Suffolk,MA,2130,America/New_York
c711c5e4-196d-4d32-914c-b21ffb7a1d41,783 Adams St,Boston,Suffolk,MA,2124,America/New_York
1920bf32-7ff9-4816-9b60-cc6d5830def9,302 Centre St,Boston,Suffolk,MA,2130,America/New_York
5dcb7405-b651-4eb6-9dab-b0d1e592571a,1592 Tremont St,Boston,Suffolk,MA,2120,America/New_York
2e4209f7-bf52-428e-bbf7-a800bea753ae,224 Boston St,Boston,Suffolk,MA,2125,America/New_York
a7f70593-9bba-4264-9eb6-602f34531e40,"1249 VFW Pkwy, 1249 Veterans of Foreign Wars Parkway",Boston,Suffolk,MA,2132,America/New_York
00cc8ee6-91db-4b64-a093-27fe68f9ba92,205 Winthrop St,Winthrop,Suffolk,MA,2152,America/New_York
21e3e92b-5545-459f-9fa8-fc706e39195e,102 Water St,Boston,Suffolk,MA,2109,America/New_York
fa8e2a44-62af-48a2-8ec6-236e4174a0b5,651 Warren St,Boston,Suffolk,MA,2121,America/New_York
984e5f30-aa4a-47cd-87be-47259ac3ae66,1016 Commonwealth Avenue,Boston,Suffolk,MA,2215,America/New_York
08621619-e2a8-45c4-b071-9c24bfe1fbca,25 West St,Boston,Suffolk,MA,2111,America/New_York
23c3f697-87a2-4549-9e48-e8d8df28e837,63 Stuart St,Boston,Suffolk,MA,2116,America/New_York
fc3887a1-8d7a-41ea-87c8-bed54d365fe0,182 Sumner St,Boston,Suffolk,MA,2128,America/New_York
ca06a317-478f-4b2f-ace9-018220a8866e,16 Everett Ave,Chelsea,Suffolk,MA,2150,America/New_York
f9371040-587e-4bfd-a4c0-7adc237ee2c5,450 Cambridge St,Boston,Suffolk,MA,2134,America/New_York
03b369f8-7351-4f32-abc5-212592e3e00c,75 Exeter St,Boston,Suffolk,MA,2116,America/New_York
14f49d94-4088-4813-ab5e-571bfc35bba1,185 Dudley St,Boston,Suffolk,MA,2119,America/New_York
ea61ed55-1e08-45bb-a7b8-a38ae08df61f,276 Friend St,Boston,Suffolk,MA,2114,America/New_York
bc73b460-2ce0-4009-8d97-a7799a98236b,107 Salem St,Boston,Suffolk,MA,2113,America/New_York
d82725ff-6e5e-45d3-b60f-57de288fce22,145 Charles Street,Boston,Suffolk,MA,2114,America/New_York
347754c2-2368-48ea-8f2a-90c3e794ff06,210 Hanover St,Boston,Suffolk,MA,2113,America/New_York
54dc90b2-02ef-41a1-be72-bbe00aecc96a,6 New St,Boston,Suffolk,MA,2128,America/New_York
d5d94f95-95b4-44c9-b42e-1b720691ffd0,59 East Springfield Street,Boston,Suffolk,MA,2118,America/New_York
e3e4b706-5672-4736-89ec-b18555ba3cf0,100 High Street,Boston,Suffolk,MA,2110,America/New_York
413782ab-d88e-4982-af20-29e0512ceee3,105 Salem St,Boston,Suffolk,MA,2113,America/New_York
34157ad8-cef9-4b73-889e-cfd3a361a3e5,4249 Washington St,Boston,Suffolk,MA,2131,America/New_York
88f826b7-1399-498a-ba09-9e09425d99c5,160 Brighton Ave,Boston,Suffolk,MA,2134,America/New_York
dd1d1c65-492b-4c34-b1db-7a015f9c3caf,272 Newbury St,Boston,Suffolk,MA,2116,America/New_York
d4d4b4f9-5662-415d-8621-6aacf0713862,157 Harvard Ave,Boston,Suffolk,MA,2134,America/New_York
4c070262-595a-4155-870f-a0dac12ff1a1,750 Washington Ave,Revere,Suffolk,MA,2151,America/New_York
d1fc7516-329f-4593-af1c-4b6d50105037,116 State St,Boston,Suffolk,MA,2109,America/New_York
fdb58b38-4ce3-4e93-9dbc-d29a00a84199,19 Poplar St,Boston,Suffolk,MA,2131,America/New_York
9c785f6e-5a0e-4204-9d22-f657394231d7,18 Fairmount Ave,Boston,Suffolk,MA,2136,America/New_York
648f512d-2396-4638-af0a-e059b0b70508,2 Corinth St,Boston,Suffolk,MA,2131,America/New_York
c7fbe336-986c-461f-8d4b-0d5f41f8d92f,1348 Boylston St,Boston,Suffolk,MA,2115,America/New_York
765d02b2-8b55-47bb-b2ce-7fbe430da87f,180 Lincoln Street,Boston,Suffolk,MA,2111,America/New_York
6afa308c-2775-4b69-9c6f-b9bc897bbc23,160 Blue Hill Avenue,Boston,Suffolk,MA,2125,America/New_York
923db53c-3db0-4e10-b0b0-5b8eb98289e5,108 L St,Boston,Suffolk,MA,2127,America/New_York
81f1d07d-f138-4ef5-a154-2f02d5f2bd2d,639 Tremont Street,Boston,Suffolk,MA,2118,America/New_York
cdd3f4b6-934a-4648-8a8a-150824b83bab,225 Franklin Street,Boston,Suffolk,MA,2110,America/New_York
b4a1f4fa-12c6-4145-b120-47f2824cc8e8,660 Washington St,Boston,Suffolk,MA,2116,America/New_York
babcc1d6-6ad5-4f3a-9558-858960a2fecd,1761 Centre St,Boston,Suffolk,MA,2132,America/New_York
a1f0a83a-0d07-4c62-a0b5-ae9248bfe271,811 Massachusetts Avenue,Boston,Suffolk,MA,2118,America/New_York
d889169b-6398-40f4-a233-51065db9450c,145 Tremont St,Boston,Suffolk,MA,2111,America/New_York
35a444d8-37a8-438a-8d9c-d2d705d074bc,1583 Commonwealth Avenue,Boston,Suffolk,MA,2135,America/New_York
1c783274-87cb-4497-943c-dbb5eb198712,"South End, 2140, 1357 Washington St",Boston,Suffolk,MA,2118,America/New_York
957efcf1-4456-45db-8aac-478fe0634c72,16 Bennington St,Boston,Suffolk,MA,2128,America/New_York
83e5bb43-00af-4e74-926d-66fc7b74ab11,169 Squire Rd,Revere,Suffolk,MA,2151,America/New_York
7894c700-38da-4750-8e04-1e67a9dbb4e3,750 Adams St,Boston,Suffolk,MA,2122,America/New_York
28952bdb-3cda-466d-ac07-390b1ff18fe0,472 Shawmut Avenue,Boston,Suffolk,MA,2118,America/New_York
51712e81-4938-4169-a03e-fc3a386a701b,116 Huntington Ave,Boston,Suffolk,MA,2116,America/New_York
3bceddbf-1809-47e8-b51d-d7534772f606,1597 Commonwealth Avenue,Boston,Suffolk,MA,2135,America/New_York
70b36502-9201-40bd-a4a5-021d615b69c6,1 Monument Ave,Boston,Suffolk,MA,2129,America/New_York
612b5999-7286-4cd1-a825-8cb6e375f800,50 Corinth St,Boston,Suffolk,MA,2131,America/New_York
a05e4ca3-8ee4-4c4f-af2f-3103d8736e54,750 Washington Ave,Revere,Suffolk,MA,2151,America/New_York
0a8881b2-c5e9-4497-8e30-abef741d9e34,76 Brighton Ave,Boston,Suffolk,MA,2134,America/New_York
5db4a2c6-09d3-4bad-9685-709945f69480,224 Newbury Street,Boston,Suffolk,MA,2116,America/New_York
f4519019-c050-4837-97a9-9e01e3eb4a45,75 Chestnut Street,Boston,Suffolk,MA,2108,America/New_York
15bb645a-b99d-401c-be84-2a130b440edd,48 Temple Pl,Boston,Suffolk,MA,2108,America/New_York
b5745575-87e8-4e50-a122-663d31db0999,90 Oliver St,Boston,Suffolk,MA,2110,America/New_York
af46c54b-0077-41a7-be25-29a00e2d0b21,44 Batterymarch St,Boston,Suffolk,MA,2110,America/New_York
035aeb52-b2d0-4562-8478-d02d3bf1af9a,25 New Chardon St,Boston,Suffolk,MA,2114,America/New_York
6c4392ab-9ec3-4b4f-a86c-74e43a66c5fd,26 Chandler Street,Boston,Suffolk,MA,2116,America/New_York
bd082365-5472-4e60-9891-c8ea582b3da0,1885 Centre St,Boston,Suffolk,MA,2132,America/New_York
de4915c2-bf24-4a6e-be52-116cb1a3f0af,1250 Boylston St,Boston,Suffolk,MA,2215,America/New_York
57e34410-aeaa-4ec2-922a-e0beb8cdafae,23b Tyler St,Boston,Suffolk,MA,2111,America/New_York
32bb87c4-ba92-40e6-801c-f618d090a904,388 Blue Hill Avenue,Boston,Suffolk,MA,2124,America/New_York
ced69cc7-e3ce-46ca-9d2b-a4158292c571,"1148 MA-1A, 1148 N Shore Rd",Revere,Suffolk,MA,2151,America/New_York
ce682336-56db-4370-a8fa-8173892eaf65,772 Tremont St,Boston,Suffolk,MA,2118,America/New_York
fc5e036b-2d2b-4a83-8cc8-2e5ee545fd18,"Eagle Hill Cafe, 1 Marion St",Boston,Suffolk,MA,2128,America/New_York
92fe2acd-33f7-431c-be50-31b06a1f521c,691 Broadway,Revere,Suffolk,MA,2151,America/New_York
4277dda6-2f5a-4b7b-9da7-cd30eeb67b4e,258 Broadway,Revere,Suffolk,MA,2151,America/New_York
17483e0e-ec1e-4f9e-9034-d67f9bc95e2e,491 Blue Hill Avenue,Boston,Suffolk,MA,2121,America/New_York
1de67e54-4a01-44ca-a546-5fa58a55cf97,1936 Beacon St,Boston,Suffolk,MA,2135,America/New_York
aec23384-9bb1-479e-9250-7ffc73f6c1d9,120 Kingston St,Boston,Suffolk,MA,2111,America/New_York
8fdaa6b3-5e11-46ab-aad4-61223f388080,480 Columbus Avenue,Boston,Suffolk,MA,2118,America/New_York
d8dc98e1-a7cc-4376-890d-5327ebc81e86,220 Columbia Rd,Boston,Suffolk,MA,2121,America/New_York
5003d1be-86ea-4dd7-8ae1-89e2eb14c008,185 Franklin St,Boston,Suffolk,MA,2110,America/New_York
6d284e36-e202-479f-bc3a-c35e3d26179b,38 Hyde Park Ave,Boston,Suffolk,MA,2130,America/New_York
caf80b14-5b3e-4c27-9eb5-075f21a03dbb,736 Huntington Ave,Boston,Suffolk,MA,2115,America/New_York
164c3109-8672-47a1-8f4d-40225d7268b4,4168 Washington St,Boston,Suffolk,MA,2131,America/New_York
d35d1440-c8e7-412a-8df6-03f26128d809,433 Washington St,Boston,Suffolk,MA,2135,America/New_York
4a8bcc53-be4a-4d89-8861-40ce83230a1b,"57 W Dedham St, 57 West Dedham Street",Boston,Suffolk,MA,2118,America/New_York
038efd02-e49f-44ef-b4b0-9dd2477599b8,650 Atlantic Ave,Boston,Suffolk,MA,2110,America/New_York
b4db9ab2-243d-4198-9fa3-b323e5853e55,145 E Berkeley St,Boston,Suffolk,MA,2118,America/New_York
2ac4724b-7950-49b8-8a7b-68119e89dbdc,400 Neponset Ave,Boston,Suffolk,MA,2122,America/New_York
f2a81155-8f3d-4f0e-af9c-79180a65a0ac,764A Huntington Avenue.,Boston,Suffolk,MA,2115,America/New_York
e50a6371-25da-46b0-a1d1-f1166d3733ff,1696 Commonwealth Avenue,Boston,Suffolk,MA,2135,America/New_York
a2a9e88a-5afd-44eb-9f5f-9e598a7a4aaa,168A Brighton Avenue,Boston,Suffolk,MA,2134,America/New_York
d2be6d60-3131-4988-bc66-c0e57a2e27e3,1095 Commonwealth Avenue,Boston,Suffolk,MA,2215,America/New_York
24841f56-ba43-4f34-9971-fe9770e82be3,592 Tremont Street,Boston,Suffolk,MA,2118,America/New_York
415721ed-d641-4f45-b447-0f2ecee8fc76,945 Saratoga St,Boston,Suffolk,MA,2128,America/New_York
aa1b832b-b612-4fab-84f1-1816c1419e9b,64 Seaport Blvd,Boston,Suffolk,MA,2210,America/New_York
c8bc2cbb-a063-48c7-9f50-38915b871e5f,27 Columbus Ave,Boston,Suffolk,MA,2116,America/New_York
babecd0c-6da7-486b-b050-5139c037ed53,5272 Washington St,Boston,Suffolk,MA,2132,America/New_York
1072a166-15f5-42e3-b13e-c6154a26406b,257 Norfolk Ave,Boston,Suffolk,MA,2119,America/New_York
2e5e9f3a-4000-4bc6-b351-9195da8b8cd3,1363 Boylston St,Boston,Suffolk,MA,2215,America/New_York
589af64a-7b45-45fb-a7bf-84ea75802368,1263 River Street,Boston,Suffolk,MA,2136,America/New_York
27fc700e-0571-492c-988a-59b43ee498be,738 Huntington Ave,Boston,Suffolk,MA,2115,America/New_York
a733f557-9ab8-4862-a5b3-9608a74a87d1,38 Batterymarch St,Boston,Suffolk,MA,2110,America/New_York
96d5d236-d3bb-4d42-a86d-12d1d567679c,172 South St,Boston,Suffolk,MA,2130,America/New_York
fd413e77-2711-4cdc-891c-151db01af76b,85 Causeway St,Boston,Suffolk,MA,2114,America/New_York
9eec2b5a-3519-4a3d-bef2-05986cfea97f,50 Queensberry St,Boston,Suffolk,MA,2215,America/New_York
ab29b617-2eb2-4d68-a555-84af7e4ca056,154 Chestnut Hill Ave,Boston,Suffolk,MA,2135,America/New_York
f52d4ab0-310f-4090-9956-1d0b61d801d0,13 Hudson St,Boston,Suffolk,MA,2111,America/New_York
4ba7a9b2-fb91-4006-8b67-2497aea8ed3e,1745 Centre Street,Boston,Suffolk,MA,2132,America/New_York
674bc2e1-b57f-45fd-bde4-27122b8e539e,1331 Dorchester Ave,Boston,Suffolk,MA,2122,America/New_York
cb7b976e-f566-4f6b-ba55-2011d30ba553,304 Centre St,Boston,Suffolk,MA,2130,America/New_York
194971f6-1781-4e00-8e0b-b09d081e5c55,82 Lansdowne St,Boston,Suffolk,MA,2215,America/New_York
1b74cfaa-a79b-4719-ab97-27d2e6bd577a,229 Brighton Avenue,Boston,Suffolk,MA,2134,America/New_York
eb59cdb8-5b82-44d1-a288-0211b780b100,476 Saratoga St,Boston,Suffolk,MA,2128,America/New_York
8157b83d-8699-4777-963b-096d8411f1f7,746 Huntington Ave,Boston,Suffolk,MA,2115,America/New_York
53636d10-051f-4b24-a08a-a19ed428b02c,316 Cambridge Street,Boston,Suffolk,MA,2114,America/New_York
d593bf95-f094-43bf-9622-ae89c84fac55,"Tambo 22, 22 Adams St",Chelsea,Suffolk,MA,2150,America/New_York
dc849e1e-e8c4-4b62-9fe9-36105347f341,5 Crest Ave,Winthrop,Suffolk,MA,2152,America/New_York
b84f2cdd-ff34-492e-8552-5f7f14ab2576,2060 Centre St,Boston,Suffolk,MA,2132,America/New_York
ab610cb4-07cd-468f-a45d-e5b4d43f0aa7,84 Harrison Ave,Boston,Suffolk,MA,2111,America/New_York
4d1e7c13-33a6-46a0-9c8e-0394cedf3dbf,55 Everett Ave,Chelsea,Suffolk,MA,2150,America/New_York
6a58999a-3fb3-4b28-a0c8-1b37b0bf089b,753 South St,Boston,Suffolk,MA,2131,America/New_York
064b5bda-c0d8-4d47-a2e5-e9068ffeae1d,99 Cambridge St A,Boston,Suffolk,MA,2129,America/New_York
13e6c0a6-2b2f-4228-89ea-28fbadbaa67c,380 Chelsea St,Boston,Suffolk,MA,2128,America/New_York
01a90882-2648-473c-8fdc-62183effd8b0,403A Centre St,Boston,Suffolk,MA,2130,America/New_York
0ffa05e6-75e2-46d9-b18d-921d579d4282,304 Newbury St,Boston,Suffolk,MA,2115,America/New_York
50b85874-e20c-4417-a71a-4a7272666cdc,25 Drydock Ave,Boston,Suffolk,MA,2210,America/New_York
7837be69-0be5-4526-b0b8-7f571dc11cb9,1100 Blue Hill Avenue,Boston,Suffolk,MA,2124,America/New_York
94894f9f-0a2b-4597-bed8-98f346e6bdaf,1920 Beacon Street,Boston,Suffolk,MA,2135,America/New_York
366e8081-b6eb-48f2-b08b-3c6916b2a155,366 Washington St,Boston,Suffolk,MA,2135,America/New_York
5e5ca558-b6e8-4452-b49a-d09af59683be,1743 Centre Street,Boston,Suffolk,MA,2132,America/New_York
13ddcffa-d8cf-4d3e-800e-c11991328bd5,682 Tremont St,Boston,Suffolk,MA,2118,America/New_York
de23ff6f-860e-4197-af31-9130f3ac70f0,15 Arlington St,Boston,Suffolk,MA,2116,America/New_York
ce8f620f-0fbc-4bfa-8b64-c6c5b6e8a111,95 Summer St,Boston,Suffolk,MA,2110,America/New_York
2cfe7f0a-016d-4402-9ab1-8e34d6ade6ea,11 Elkins St,Boston,Suffolk,MA,2127,America/New_York
322ff9a7-8748-4d33-b019-ec4b83524eae,333 Massachusetts Ave,Boston,Suffolk,MA,2115,America/New_York
3eaefaf9-624f-4398-b89f-ba535eddcf60,305 Meridian St,Boston,Suffolk,MA,2128,America/New_York
b0ffbcae-5f0b-41f3-8d07-202533eef21f,110 Causeway St,Boston,Suffolk,MA,2114,America/New_York
bbc0913f-18f3-4704-87d9-7e9ef0771f07,313 Meridian St,Boston,Suffolk,MA,2128,America/New_York
19dd99ed-c149-4f9d-8a84-7ed90cc1a583,294 Newbury St,Boston,Suffolk,MA,2115,America/New_York
4eeea517-3a63-46f2-a56b-219908c1499d,339 Meridian St,Boston,Suffolk,MA,2128,America/New_York
255886f5-3d45-48ff-b97a-d4a2a716dfa4,254 Newbury St,Boston,Suffolk,MA,2116,America/New_York
15607960-ebd4-4eb9-a741-33f4795ccdae,284 Centre St,Boston,Suffolk,MA,2130,America/New_York
a38e35d1-7d80-4310-a574-2923480501e0,"15 N Beacon St, 15 North Beacon Street",Boston,Suffolk,MA,2134,America/New_York
953e7800-7e38-43b1-8d0c-a93000bfedbb,568 Cambridge St,Boston,Suffolk,MA,2134,America/New_York
7ebc443f-224e-44d1-b426-3dbb2004b408,40 W 3rd St,Boston,Suffolk,MA,2127,America/New_York
c77521c9-2306-4d0c-b73a-3c0cb623e8ed,914 Beacon St,Boston,Suffolk,MA,2215,America/New_York
5bb52fa6-b817-4730-81c1-96c47a87b033,107 State Street,Boston,Suffolk,MA,2109,America/New_York
6eecd2ea-6b01-4bfc-be00-903f916a0409,1217 Commonwealth Avenue,Boston,Suffolk,MA,2134,America/New_York
cf6fa74d-c63f-4267-8e11-f429b2a6a6ad,154 Harvard Ave,Boston,Suffolk,MA,2134,America/New_York
4c5754e6-19ac-40e3-896c-8ceac754b560,374 N Market St,Boston,Suffolk,MA,2109,America/New_York
508acb0d-80eb-403b-9d4c-765fce81039f,260 Longwood Ave,Boston,Suffolk,MA,2115,America/New_York
638167d0-6873-4f6b-b8ec-d8ad6c510e95,"Hotel 140, 140 Clarendon St",Boston,Suffolk,MA,2116,America/New_York
fd58b711-a95c-4e48-9e62-09c0b2b4d5b5,5 N Square,Boston,Suffolk,MA,2113,America/New_York
32ae7e4b-612f-466f-9724-b59ba3e7562a,15 Beacon Street,Boston,Suffolk,MA,2108,America/New_York
2c67f2f5-0ec7-4f0e-9fb0-faf2d70e65c3,477 Shawmut Avenue,Boston,Suffolk,MA,2118,America/New_York
ad337493-ad55-46b6-bb0d-55c816d3146f,1282 Hyde Park Ave,Boston,Suffolk,MA,2136,America/New_York
1b8605f0-fd12-4e8f-a076-eacf6ba8e993,1345 Hyde Park Ave,Boston,Suffolk,MA,2136,America/New_York
50c9606c-008e-418d-8136-209728be4fe9,333 Massachusetts Ave,Boston,Suffolk,MA,2115,America/New_York
5e534578-0a86-4e08-affd-511d17f5a3e7,1917 Dorchester Ave,Boston,Suffolk,MA,2124,America/New_York
5f1059e1-dff6-4304-8e30-b33a55e303e3,500 Harrison Avenue,Boston,Suffolk,MA,2118,America/New_York
72f9c4fc-6eb4-4017-b4be-bd96932c6fb4,96 Brookline Ave,Boston,Suffolk,MA,2215,America/New_York
292ac2da-f6a8-48ae-b0da-edffe10ccc13,10 Avery Street,Boston,Suffolk,MA,2111,America/New_York
a2df6e09-d664-4ce1-8d8a-4c304d770c98,282 Cambridge St,Boston,Suffolk,MA,2114,America/New_York
8032c61a-6611-4c94-81e3-268edb64caed,4025 Washington St,Boston,Suffolk,MA,2131,America/New_York
ffdf3eba-4774-4dfa-ac2d-05497da858da,415 Hanover St,Boston,Suffolk,MA,2109,America/New_York
5c520aeb-cb23-4a81-bf70-ccf8fe1e6ddf,44 Harvard Ave,Boston,Suffolk,MA,2134,America/New_York
821e2336-8e39-4fb5-97a1-7f3361169d24,13 5th St,Chelsea,Suffolk,MA,2150,America/New_York
f8c109c9-775c-42c0-b29c-12623a1fe8c4,984 Hyde Park Ave,Boston,Suffolk,MA,2136,America/New_York
dde68faa-792e-44bb-ad25-f345f3dbab5e,1415 Washington Street,Boston,Suffolk,MA,2118,America/New_York
90fde5db-63a4-409e-9220-21b6078cbfb3,324 Marginal St,Chelsea,Suffolk,MA,2150,America/New_York
1a3576c1-e3e8-41bc-b733-4ee6752e1e32,152 Harvard Ave,Boston,Suffolk,MA,2134,America/New_York
1c72581d-8072-4df6-81cc-cd7a681696d7,18 Bartlett Rd,Winthrop,Suffolk,MA,2152,America/New_York
fdd6a762-31f5-4848-b92b-6e3071924f2a,227 Hanover St,Boston,Suffolk,MA,2113,America/New_York
54cf0b8b-60d3-4958-82ec-2b9b12eeac9c,580 Dorchester Ave,Boston,Suffolk,MA,2127,America/New_York
41416155-c6b7-4457-93bd-5d938a4cbd69,2 Prince St,Boston,Suffolk,MA,2113,America/New_York
700790a6-18be-48e8-b5d4-71e2d4dc0576,1260 Boylston St,Boston,Suffolk,MA,2215,America/New_York
bd084289-b69f-4b89-b175-50de4bca0572,388 Broadway,Chelsea,Suffolk,MA,2150,America/New_York
5b2304c5-414c-414d-bd6b-3a1eb03820ba,571 Washington St,Boston,Suffolk,MA,2135,America/New_York
91c422b0-27fa-480d-9f76-7c5f5881260e,661 Warren St,Boston,Suffolk,MA,2121,America/New_York
ea90e3a0-2c94-468c-9b0d-43b57b230eb8,120 Cambridge St,Boston,Suffolk,MA,2114,America/New_York
cde3cb2d-fed8-4439-8148-91dc75aeaf10,145 E Berkeley St,Boston,Suffolk,MA,2118,America/New_York
3bae3513-eac8-4cff-abd1-2e595e6fe135,354 Chestnut Hill Avenue,Boston,Suffolk,MA,2135,America/New_York
8c7aeedf-c8f7-4b0c-81c7-706a8e6665e4,699 William T Morrissey Boulevard,Boston,Suffolk,MA,2122,America/New_York
fd390dfe-5ab2-4f28-8589-1961d27a9c38,12 Dade St,Boston,Suffolk,MA,2119,America/New_York
3975dd9a-bce8-47bd-b73f-c8b9b8f332dc,36 Woodside Ave,Winthrop,Suffolk,MA,2152,America/New_York
5a0aedf1-39f2-4efa-9a10-b426890ebda8,360 Harrison Ave,Boston,Suffolk,MA,2118,America/New_York
5f943f7c-caf2-4f72-ad8a-4cf83a5b7281,645 Beacon St,Boston,Suffolk,MA,2215,America/New_York
690e3856-1a6d-4c79-8439-f583b132aed3,403 Broadway,Chelsea,Suffolk,MA,2150,America/New_York
afc2db37-e3d7-437b-bca5-92e8598e3d37,2350 Washington St,Boston,Suffolk,MA,2119,America/New_York
21f7fc95-0d5f-4567-874c-0e33fd9988a7,900 Beacon St,Boston,Suffolk,MA,2215,America/New_York
281f978c-185f-4da5-9bcb-8414a431d198,870 Blue Hill Avenue,Boston,Suffolk,MA,2124,America/New_York
8286011a-b8dc-42c6-a068-a220b928e442,144 Charles Street,Boston,Suffolk,MA,2114,America/New_York
f515b4d1-4fb6-4ef0-87c3-dbc7bb6bb982,10 Boston Wharf Rd,Boston,Suffolk,MA,2210,America/New_York
ea6cbeb3-d271-4726-ba98-6f3af95672cc,1508 Dorchester Ave,Boston,Suffolk,MA,2122,America/New_York
6ea387ab-5b47-483b-82cd-d826a049c56c,66 Brighton Ave,Boston,Suffolk,MA,2134,America/New_York
17e85265-28e5-4f34-a359-7a6f731289d6,460 Centre St,Boston,Suffolk,MA,2130,America/New_York
368d2f84-fde9-497d-bd3e-3b80b5c13836,60 Beach St,Boston,Suffolk,MA,2111,America/New_York
a14880f4-713f-4b09-89b2-c91dd51ef797,520 Columbus Avenue,Boston,Suffolk,MA,2118,America/New_York
663a57c6-6777-4089-b25d-6c812081e92a,964 Saratoga St,Boston,Suffolk,MA,2128,America/New_York
72e75bdc-f8cb-4508-97de-2bf695141399,1590 Tremont St,Boston,Suffolk,MA,2120,America/New_York
a0611a91-8e0b-4c18-a220-b7cdf49779c6,364 Washington St,Boston,Suffolk,MA,2135,America/New_York
ae173179-a574-4b3c-9695-038c37b704e8,370 Commonwealth Avenue,Boston,Suffolk,MA,2215,America/New_York
190456c9-a36d-4edf-9a47-59832059ce3d,15 Warren St,Boston,Suffolk,MA,2119,America/New_York
e077c35c-16ee-4b71-ac7f-204d08060cad,301 Adams St,Boston,Suffolk,MA,2122,America/New_York
f41b01bb-451d-4335-b5a4-c2f5709b4cc4,58 Seaport Blvd,Boston,Suffolk,MA,2210,America/New_York
26ff75a8-efee-4f0a-9f63-77c59943e979,35 Crest Ave,Winthrop,Suffolk,MA,2152,America/New_York
a029131c-3149-4e88-901d-e56ea20b132a,239 Dudley St,Boston,Suffolk,MA,2119,America/New_York
f08e287b-d887-45e4-bba8-fd89b3a5269c,284 Amory St,Boston,Suffolk,MA,2130,America/New_York
7a8da279-6d65-428e-8bb8-5c22caa96b20,4541 Washington St,Boston,Suffolk,MA,2131,America/New_York
42fa77be-f175-4613-bc2c-067fb99cf5a2,115 Beverly St,Boston,Suffolk,MA,2114,America/New_York
55326a4d-5aaf-4ea1-9fc4-c11265b07b5a,145 Dartmouth St,Boston,Suffolk,MA,2116,America/New_York
28d96f0a-b103-4a8b-9f90-4fdc2abc871b,1698 Commonwealth Avenue,Boston,Suffolk,MA,2135,America/New_York
1b6b8a3b-5941-4f9e-96f9-80b04c0bbee4,246 W Broadway,Boston,Suffolk,MA,2127,America/New_York
6ac47abe-9ad9-486e-9eb0-e18472ec32fd,177 Massachusetts Ave,Boston,Suffolk,MA,2115,America/New_York
7b938d8a-0e52-48a3-a69f-55b58cc52059,120 Broadway,Chelsea,Suffolk,MA,2150,America/New_York
f109ac87-47f4-46f5-b6b5-86cd5dca7f65,417 Washington St,Boston,Suffolk,MA,2110,America/New_York
8fc97576-ddf2-4d8d-bfc3-b00ca3395076,178 Salem St,Boston,Suffolk,MA,2113,America/New_York
7f613244-1d99-4b9a-9d6b-95e271970c61,1 Seaport Ln,Boston,Suffolk,MA,2210,America/New_York
7c252db0-aefe-41ad-a7f7-174b0fbc01d7,800 Washington Ave,Revere,Suffolk,MA,2151,America/New_York
ea21ef90-2c74-4aec-a49a-c1e8d940b601,10 Walk Hill St,Boston,Suffolk,MA,2130,America/New_York
1bfa4c0d-6d49-4ed0-bcf8-4cd73baa3e14,54 Harvard Avenue,Boston,Suffolk,MA,2134,America/New_York
0e7c108c-370a-465b-8742-96b9a4d193b9,99 Cambridge St # B,Boston,Suffolk,MA,2129,America/New_York
10912c7d-4b74-4378-bf14-d1262185050f,22 Washington Ave,Chelsea,Suffolk,MA,2150,America/New_York
803146f2-71a0-4b39-ab07-a2b39037ac45,73 River St,Boston,Suffolk,MA,2126,America/New_York
0247c7e5-a7c8-4687-9d70-71cf0309ed24,100 Hanover St,Boston,Suffolk,MA,2108,America/New_York
f828cda4-d0f8-42d3-8b8b-b6a3845a7cbd,616 Gallivan Blvd,Boston,Suffolk,MA,2124,America/New_York
599faed5-b627-4d01-b56d-2426f9b60782,25 Park Street,Boston,Suffolk,MA,2129,America/New_York
6e94eb7e-c3e2-4503-a6ab-b732022f8534,340 Washington St,Boston,Suffolk,MA,2121,America/New_York
39001edf-9f94-4a1f-9621-e314a1e9d56f,458 Western Ave,Boston,Suffolk,MA,2135,America/New_York
9565dced-1ddb-46c5-93b0-d6673767f1df,492 Revere Beach Blvd,Revere,Suffolk,MA,2151,America/New_York
f22f0b2a-8201-4f42-ba53-db6cd308d68b,11 Boylston St,Chestnut Hill,Suffolk,MA,2467,America/New_York
e92caddc-6436-435d-8c3d-22026dde6c7b,1116 Boylston St,Boston,Suffolk,MA,2215,America/New_York
7bd640ec-1bef-4e77-aaf7-5069364f2a3a,280 Cambridge St,Boston,Suffolk,MA,2114,America/New_York
58125668-3587-42c5-aee1-dd9477d109fd,274-274 Tremont St,Boston,Suffolk,MA,2116,America/New_York
8f628262-63ed-486b-9aa7-10138c90a4f5,115 Water Street,Boston,Suffolk,MA,2109,America/New_York
484e81c4-7ccf-4438-8b37-1a6cc511ae2c,2 Longwood Ave,Boston,Suffolk,MA,2115,America/New_York
49df0adc-814c-448c-b3b7-1bbf4401b99e,387 Centre St,Boston,Suffolk,MA,2130,America/New_York
7c27549d-2355-448c-8520-7b99ba60ae17,321 A St,Boston,Suffolk,MA,2210,America/New_York
ffa593c8-652c-40e8-ad71-69f30f3f66e1,1443 Tremont St,Boston,Suffolk,MA,2120,America/New_York
1d81bd6b-0193-40c8-bbf9-d01724e4f751,284 Centre St,Boston,Suffolk,MA,2130,America/New_York
01f7faa5-bbc9-43b9-9f40-951bf8eada38,1299 River St,Boston,Suffolk,MA,2136,America/New_York
26079d98-696f-452c-a133-f1cef441a972,"960 William T, 3206, Morrissey Blvd",Boston,Suffolk,MA,2122,America/New_York
5668e4a0-501a-4c04-91a7-da3efbe870d7,66 Staniford St,Boston,Suffolk,MA,2114,America/New_York
63a24c30-0dc6-4121-baeb-f1c433ccfa5e,95 Summer St,Boston,Suffolk,MA,2110,America/New_York
ae122237-770b-46da-9d02-c2c99d2aab3f,20 Maverick St,Boston,Suffolk,MA,2128,America/New_York
0133e8f8-cd62-4682-b856-d38ef53e5d93,207 Endicott Street,Boston,Suffolk,MA,2113,America/New_York
bdd92a27-c3b0-4179-9221-51a87aed6d28,244 Newbury St,Boston,Suffolk,MA,2116,America/New_York
e43555ae-b9a4-4f78-b4f7-853ce2d349f5,582 Dorchester Ave,Boston,Suffolk,MA,2127,America/New_York
02b079f2-36b3-4eff-ac83-df8713a0ef3c,748 Huntington Ave # A,Boston,Suffolk,MA,2115,America/New_York
1f835044-55ae-4818-ba45-eed8fc58aacd,474 Saratoga St,Boston,Suffolk,MA,2128,America/New_York
d1650503-ec8f-48f2-9cfa-1fa818db1896,83 Newbury Street,Boston,Suffolk,MA,2116,America/New_York
42acbeef-5b50-4090-9487-bed666d3b3a7,144 Tremont St,Boston,Suffolk,MA,2111,America/New_York
254842fd-dc5b-4907-a9f9-8bf957b499ab,279 Newbury St,Boston,Suffolk,MA,2116,America/New_York
420b7cca-3dbb-4847-9d52-ec0dbaf2369e,314 Shawmut Avenue,Boston,Suffolk,MA,2118,America/New_York
39625974-ba02-4f7f-80f2-aed13a4b1674,2 Pleasant St,Boston,Suffolk,MA,2129,America/New_York
96039a8c-e1b2-4cbe-97a1-6dd35de4166a,22 Clinton St,Boston,Suffolk,MA,2109,America/New_York
9c6bf4a9-58aa-43f1-83c6-502c64e60a2b,332 Washington St,Brighton,Suffolk,MA,2135,America/New_York
46ade765-a190-40c2-ad37-a742e0c12bce,429 Columbus Ave,Boston,Suffolk,MA,2116,America/New_York
7f25653a-9970-4770-8f8b-6c561c7b6227,4 Kilmarnock St,Boston,Suffolk,MA,2215,America/New_York
10aaecc5-5145-43c9-9b77-ac00ab666770,1096 Commonwealth Ave,Boston,Suffolk,MA,2215,America/New_York
e8c02124-5054-4a5f-b936-be7a62273930,257 North St,Boston,Suffolk,MA,2113,America/New_York
08f5e542-c629-46c4-9439-e9d403c8b6f4,92 State St,Boston,Suffolk,MA,2109,America/New_York
